INSERT INTO  STUDENT (name, speciality, study_start, study_finish, finish_reason, credits_total) VALUES ('Гордійчук Катерина Василівна ', 'Факультет Інформатики', '2013-09-01', '2017-06-22', '-', 350);
INSERT INTO  STUDENT (name, speciality, study_start, study_finish, finish_reason, credits_total) VALUES ('Авдєєва Анастасія Олександрівна', 'Факультет Інформатики', '2013-09-01', '2017-06-22', '-', 350);
INSERT INTO  STUDENT (name, speciality, study_start, study_finish, finish_reason, credits_total) VALUES ('Айтмагамбетова Мадина Генадіївна	 
', 'Факультет Інформатики', '2013-09-01', '2017-06-22', '-', 350);
INSERT INTO  STUDENT (name, speciality, study_start, study_finish, finish_reason, credits_total) VALUES ('Аслалеев Абай Алтаєвич	 
', 'Факультет Інформатики', '2013-09-01', '2017-06-22', '-', 350);
INSERT INTO  STUDENT (name, speciality, study_start, study_finish, finish_reason, credits_total) VALUES ('Болотников Олексій Ігоревич
', 'Факультет Інформатики', '2013-09-01', '2017-06-22', '-', 350);
INSERT INTO  STUDENT (name, speciality, study_start, study_finish, finish_reason, credits_total) VALUES ('Вершинін Максим Олексійович
', 'Факультет Інформатики', '2012-09-01', '2016-07-22', '-', 350);
INSERT INTO  STUDENT (name, speciality, study_start, study_finish, finish_reason, credits_total) VALUES ('Глунчадзе Іраклій Вахтангович
', 'Факультет Інформатики', '2012-09-01', '2016-07-22', '-', 350);
INSERT INTO  STUDENT (name, speciality, study_start, study_finish, finish_reason, credits_total) VALUES ('Григорьєв Іван Володимирович	 
', 'Факультет Інформатики', '2012-09-01', '2016-07-22', '-', 350);
INSERT INTO  STUDENT (name, speciality, study_start, study_finish, finish_reason, credits_total) VALUES ('Єсимова Камель Муратовна
', 'Факультет Інформатики', '2012-09-01', '2016-07-22', '-', 350);
INSERT INTO  STUDENT (name, speciality, study_start, study_finish, finish_reason, credits_total) VALUES ('Железний Олександр Олегович
', 'Факультет Інформатики', '2012-09-01', '2016-07-22', '-', 350);
INSERT INTO  STUDENT (name, speciality, study_start, study_finish, finish_reason, credits_total) VALUES ('Журавльов Артем Дмитрович
', 'Факультет Інформатики', '2011-09-01', '2015-07-23', '-', 350);
INSERT INTO  STUDENT (name, speciality, study_start, study_finish, finish_reason, credits_total) VALUES ('Зарецька Тетяяна Ігорівна
', 'Факультет Інформатики', '2011-09-01', '2015-07-23', '-', 350);
INSERT INTO  STUDENT (name, speciality, study_start, study_finish, finish_reason, credits_total) VALUES ('Іванова Анна Євгеніївна	 
', 'Факультет Інформатики', '2011-09-01', '2015-07-23', '-', 350);
INSERT INTO  STUDENT (name, speciality, study_start, study_finish, finish_reason, credits_total) VALUES ('Искандаров Азамат Булатович
', 'Факультет Інформатики', '2014-09-01', '2018-07-28', '-', 350);
INSERT INTO  STUDENT (name, speciality, study_start, study_finish, finish_reason, credits_total) VALUES ('Каміленов Самат Валіханович
', 'Факультет Інформатики', '2014-09-01', '2018-07-28', '-', 350);
INSERT INTO  STUDENT (name, speciality, study_start, study_finish, finish_reason, credits_total) VALUES ('Карклиніш Роберт Ігорович
', 'Факультет Інформатики', '2014-09-01', '2018-07-28', '-', 350);
INSERT INTO  STUDENT (name, speciality, study_start, study_finish, finish_reason, credits_total) VALUES ('Комков Степан Олексійович
', 'Факультет Інформатики', '2014-09-01', '2018-07-28', '-', 350);
INSERT INTO  STUDENT (name, speciality, study_start, study_finish, finish_reason, credits_total) VALUES ('Лафдал Аніса Ахмедівна
', 'Факультет Інформатики', '2014-09-01', '2018-07-28', '-', 350);
INSERT INTO  STUDENT (name, speciality, study_start, study_finish, finish_reason, credits_total) VALUES ('Лопатніков Олексій Олександрович
', 'Факультет Інформатики', '2015-09-01', '2019-07-28', '-', 350);
INSERT INTO  STUDENT (name, speciality, study_start, study_finish, finish_reason, credits_total) VALUES ('Манжина Ольга Андріївна
', 'Факультет Інформатики', '2015-09-01', '2019-07-28', '-', 350);
INSERT INTO  STUDENT (name, speciality, study_start, study_finish, finish_reason, credits_total) VALUES ('Набієв Аблайхан Русланович	 
', 'Факультет Інформатики', '2015-09-01', '2019-07-28', '-', 350);
INSERT INTO  STUDENT (name, speciality, study_start, study_finish, finish_reason, credits_total) VALUES ('Полякова Катерина Борисівна
', 'Факультет Інформатики', '2015-09-01', '2019-07-28', '-', 350);
INSERT INTO  STUDENT (name, speciality, study_start, study_finish, finish_reason, credits_total) VALUES ('Семенов Павло Андрійович
', 'Факультет Інформатики', '2015-09-01', '2019-07-28', '-', 350);
INSERT INTO  STUDENT (name, speciality, study_start, study_finish, finish_reason, credits_total) VALUES ('Соколова Юлія Євгеніївна
', 'Факультет Інформатики', '2016-09-01', '2020-07-28', '-', 350);
INSERT INTO  STUDENT (name, speciality, study_start, study_finish, finish_reason, credits_total) VALUES ('Сиртланов Рустам Валерійович 
', 'Факультет Інформатики', '2016-09-01', '2020-07-28', '-', 350);
INSERT INTO  STUDENT (name, speciality, study_start, study_finish, finish_reason, credits_total) VALUES ('Тимошинов Дмитро Іванович
', 'Факультет Інформатики', '2016-09-01', '2020-07-28', '-', 350);
INSERT INTO  STUDENT (name, speciality, study_start, study_finish, finish_reason, credits_total) VALUES ('Толкачов Іван Павлович
', 'Факультет Інформатики', '2016-09-01', '2020-07-28', '-', 350);
INSERT INTO  STUDENT (name, speciality, study_start, study_finish, finish_reason, credits_total) VALUES ('Трушина Христина Андріївна
', 'Факультет Інформатики', '2016-09-01', '2020-07-28', '-', 350);
INSERT INTO  STUDENT (name, speciality, study_start, study_finish, finish_reason, credits_total) VALUES ('Фатахова Ліана Ільдарівна
', 'Факультет Інформатики', '2016-09-01', '2020-07-28', '-', 350);
INSERT INTO  STUDENT (name, speciality, study_start, study_finish, finish_reason, credits_total) VALUES ('Бєлова Олександра Михайлівна
', 'Факультет правничих наук', '2013-09-01', '2017-06-22', '-', 400);
INSERT INTO  STUDENT (name, speciality, study_start, study_finish, finish_reason, credits_total) VALUES ('Вагапов Рашид Юнірович
', 'Факультет правничих наук', '2013-09-01', '2017-06-22', '-', 400);
INSERT INTO  STUDENT (name, speciality, study_start, study_finish, finish_reason, credits_total) VALUES ('Волков Сергій Євгенійович
', 'Факультет правничих наук', '2013-09-01', '2017-06-22', '-', 400);
INSERT INTO  STUDENT (name, speciality, study_start, study_finish, finish_reason, credits_total) VALUES ('Ібрагімов Бобур Муродович
', 'Факультет правничих наук', '2013-09-01', '2017-06-22', '-', 400);
INSERT INTO  STUDENT (name, speciality, study_start, study_finish, finish_reason, credits_total) VALUES ('Єрмаков Дмитро Вікторович
', 'Факультет правничих наук', '2013-09-01', '2017-06-22', '-', 400);
INSERT INTO  STUDENT (name, speciality, study_start, study_finish, finish_reason, credits_total) VALUES ('Ісламов Шохрух Улугбек
', 'Факультет правничих наук', '2012-09-01', '2016-07-22', '-', 400);
INSERT INTO  STUDENT (name, speciality, study_start, study_finish, finish_reason, credits_total) VALUES ('Каримов Тімур Толібович
', 'Факультет правничих наук', '2012-09-01', '2016-07-22', '-', 400);
INSERT INTO  STUDENT (name, speciality, study_start, study_finish, finish_reason, credits_total) VALUES ('Кім Олександр Михайлович
', 'Факультет правничих наук', '2012-09-01', '2016-07-22', '-', 400);
INSERT INTO  STUDENT (name, speciality, study_start, study_finish, finish_reason, credits_total) VALUES ('Кодиров Улугбек Анварович
', 'Факультет правничих наук', '2012-09-01', '2016-07-22', '-', 400);
INSERT INTO  STUDENT (name, speciality, study_start, study_finish, finish_reason, credits_total) VALUES ('Пак Ілья Сенденович
', 'Факультет правничих наук', '2012-09-01', '2016-07-22', '-', 400);
INSERT INTO  STUDENT (name, speciality, study_start, study_finish, finish_reason, credits_total) VALUES ('Пак Руслан Інокентьєвич
', 'Факультет правничих наук', '2011-09-01', '2015-07-23', '-', 400);
INSERT INTO  STUDENT (name, speciality, study_start, study_finish, finish_reason, credits_total) VALUES ('Пигалова Олена Вікторівна
', 'Факультет правничих наук', '2011-09-01', '2015-07-23', '-', 400);
INSERT INTO  STUDENT (name, speciality, study_start, study_finish, finish_reason, credits_total) VALUES ('Солієв Бехзод Алішерович
', 'Факультет правничих наук', '2011-09-01', '2015-07-23', '-', 400);
INSERT INTO  STUDENT (name, speciality, study_start, study_finish, finish_reason, credits_total) VALUES ('Цвітков Євгеній Андрійович
', 'Факультет правничих наук', '2014-09-01', '2018-07-28', '-', 400);
INSERT INTO  STUDENT (name, speciality, study_start, study_finish, finish_reason, credits_total) VALUES ('Чжен Олена Едиксонівна
', 'Факультет правничих наук', '2014-09-01', '2018-07-28', '-', 400);
INSERT INTO  STUDENT (name, speciality, study_start, study_finish, finish_reason, credits_total) VALUES ('Шабанова Юлія Рафиківна
', 'Факультет правничих наук', '2014-09-01', '2018-07-28', '-', 400);
INSERT INTO  STUDENT (name, speciality, study_start, study_finish, finish_reason, credits_total) VALUES ('Шульгіна Катерина Олексіївна
', 'Факультет правничих наук', '2014-09-01', '2018-07-28', '-', 400);
INSERT INTO  STUDENT (name, speciality, study_start, study_finish, finish_reason, credits_total) VALUES ('Вещерович Олександр Васильович', 'Факультет правничих наук', '2014-09-01', '2018-07-28', '-', 400);
INSERT INTO  STUDENT (name, speciality, study_start, study_finish, finish_reason, credits_total) VALUES ('Григорян Діана Петрівна ', 'Факультет правничих наук', '2015-09-01', '2019-07-28', '-', 400);
INSERT INTO  STUDENT (name, speciality, study_start, study_finish, finish_reason, credits_total) VALUES ('Олексюк Степан Володимирович', 'Факультет правничих наук', '2015-09-01', '2019-07-28', '-', 400);
INSERT INTO  STUDENT (name, speciality, study_start, study_finish, finish_reason, credits_total) VALUES ('Серба Петро Констянтинович', 'Факультет правничих наук', '2015-09-01', '2019-07-28', '-', 400);
INSERT INTO  STUDENT (name, speciality, study_start, study_finish, finish_reason, credits_total) VALUES ('Кульматицикий Володимир Останович ', 'Факультет правничих наук', '2015-09-01', '2019-07-28', '-', 400);
INSERT INTO  STUDENT (name, speciality, study_start, study_finish, finish_reason, credits_total) VALUES ('Олексюк Світлана Сергіївна ', 'Факультет правничих наук', '2016-09-01', '2020-07-28', '-', 400);
INSERT INTO  STUDENT (name, speciality, study_start, study_finish, finish_reason, credits_total) VALUES ('Горбач Олена Петрівна', 'Факультет правничих наук', '2016-09-01', '2020-07-28', '-', 400);
INSERT INTO  STUDENT (name, speciality, study_start, study_finish, finish_reason, credits_total) VALUES ('Заруба Оксана Анатоліївна ', 'Факультет правничих наук', '2016-09-01', '2020-07-28', '-', 400);
INSERT INTO  STUDENT (name, speciality, study_start, study_finish, finish_reason, credits_total) VALUES ('Куп Костянтин Семенович', 'Факультет правничих наук', '2016-09-01', '2020-07-28', '-', 400);
INSERT INTO  STUDENT (name, speciality, study_start, study_finish, finish_reason, credits_total) VALUES ('Авагімян Віктория Размиківна
', 'Факультет економічних наук ', '2013-09-01', '2017-06-22', '-', 455);
INSERT INTO  STUDENT (name, speciality, study_start, study_finish, finish_reason, credits_total) VALUES ('Альтинсуріна Заліна Наілівна
', 'Факультет економічних наук ', '2013-09-01', '2017-06-22', '-', 455);
INSERT INTO  STUDENT (name, speciality, study_start, study_finish, finish_reason, credits_total) VALUES ('Амосова Катерина Сергіївна
', 'Факультет економічних наук ', '2013-09-01', '2017-06-22', '-', 455);
INSERT INTO  STUDENT (name, speciality, study_start, study_finish, finish_reason, credits_total) VALUES ('Арчхоєв Магомед Суламбекович
', 'Факультет економічних наук ', '2013-09-01', '2017-06-22', '-', 455);
INSERT INTO  STUDENT (name, speciality, study_start, study_finish, finish_reason, credits_total) VALUES ('Баркова Маргарита Сергіївна
', 'Факультет економічних наук ', '2013-09-01', '2017-06-22', '-', 455);
INSERT INTO  STUDENT (name, speciality, study_start, study_finish, finish_reason, credits_total) VALUES ('Бесперстова Катерина Ігорівна
', 'Факультет економічних наук ', '2012-09-01', '2016-07-22', '-', 455);
INSERT INTO  STUDENT (name, speciality, study_start, study_finish, finish_reason, credits_total) VALUES ('Богатирьова Ольга Володимирівна
', 'Факультет економічних наук ', '2012-09-01', '2016-07-22', '-', 455);
INSERT INTO  STUDENT (name, speciality, study_start, study_finish, finish_reason, credits_total) VALUES ('Вербицька Аліна Юріївна
', 'Факультет економічних наук ', '2012-09-01', '2016-07-22', '-', 455);
INSERT INTO  STUDENT (name, speciality, study_start, study_finish, finish_reason, credits_total) VALUES ('Гоннова Вікторія Олександрівна
', 'Факультет економічних наук ', '2012-09-01', '2016-07-22', '-', 455);
INSERT INTO  STUDENT (name, speciality, study_start, study_finish, finish_reason, credits_total) VALUES ('Григанова Юлія Сергіївна
', 'Факультет економічних наук ', '2012-09-01', '2016-07-22', '-', 455);
INSERT INTO  STUDENT (name, speciality, study_start, study_finish, finish_reason, credits_total) VALUES ('Кульпач Алевтина Андріївна	', 'Києво-Могилянська Бізнес-Школа (kmbs)', '2014-09-01', '2018-07-28', '-', 500);
INSERT INTO  STUDENT (name, speciality, study_start, study_finish, finish_reason, credits_total) VALUES ('Барановський Михайло Анатолійович	', 'Києво-Могилянська Бізнес-Школа (kmbs)', '2014-09-01', '2018-07-28', '-', 500);
INSERT INTO  STUDENT (name, speciality, study_start, study_finish, finish_reason, credits_total) VALUES ('Булавинець Богдан Юрійович', 'Києво-Могилянська Бізнес-Школа (kmbs)', '2015-09-01', '2019-07-28', '-', 500);
INSERT INTO  STUDENT (name, speciality, study_start, study_finish, finish_reason, credits_total) VALUES ('Каранда Владислав Олександрович	', 'Києво-Могилянська Бізнес-Школа (kmbs)', '2015-09-01', '2019-07-28', '-', 500);
INSERT INTO  STUDENT (name, speciality, study_start, study_finish, finish_reason, credits_total) VALUES ('Шуляр Іван Іванович', 'Києво-Могилянська Бізнес-Школа (kmbs)', '2015-09-01', '2019-07-28', '-', 500);
INSERT INTO  STUDENT (name, speciality, study_start, study_finish, finish_reason, credits_total) VALUES ('Смолка Валерія Вадимівна	', 'Києво-Могилянська Бізнес-Школа (kmbs)', '2015-09-01', '2019-07-28', '-', 500);
INSERT INTO  STUDENT (name, speciality, study_start, study_finish, finish_reason, credits_total) VALUES ('Шинкар Ярослав Ігорович', 'Києво-Могилянська Бізнес-Школа (kmbs)', '2015-09-01', '2019-07-28', '-', 500);
INSERT INTO  STUDENT (name, speciality, study_start, study_finish, finish_reason, credits_total) VALUES ('Сохацька Анастасія Андріївна', 'Києво-Могилянська Бізнес-Школа (kmbs)', '2016-09-01', '2020-07-28', '-', 500);
INSERT INTO  STUDENT (name, speciality, study_start, study_finish, finish_reason, credits_total) VALUES ('Кузьменко Владислав Сергійович', 'Києво-Могилянська Бізнес-Школа (kmbs)', '2016-09-01', '2020-07-28', '-', 500);
INSERT INTO  STUDENT (name, speciality, study_start, study_finish, finish_reason, credits_total) VALUES ('Чепурна Аліна Миколаївна', 'Києво-Могилянська Бізнес-Школа (kmbs)', '2016-09-01', '2020-07-28', '-', 500);
INSERT INTO  STUDENT (name, speciality, study_start, study_finish, finish_reason, credits_total) VALUES ('Гергель Марина Сергіївна', 'Києво-Могилянська Бізнес-Школа (kmbs)', '2016-09-01', '2020-07-28', '-', 500);
INSERT INTO  STUDENT (name, speciality, study_start, study_finish, finish_reason, credits_total) VALUES ('Осадча Тетяна Сергіївна', 'Києво-Могилянська Бізнес-Школа (kmbs)', '2016-09-01', '2020-07-28', '-', 500);
INSERT INTO  STUDENT (name, speciality, study_start, study_finish, finish_reason, credits_total) VALUES ('Мушинська Юлія Андріївна', 'Києво-Могилянська Бізнес-Школа (kmbs)', '2016-09-01', '2020-07-28', '-', 500);
INSERT INTO  STUDENT (name, speciality, study_start, study_finish, finish_reason, credits_total) VALUES ('Кравець Крістіна Андріївна', 'Факультет соціальних наук та соціальних технологій', '2013-09-01', '2017-06-22', '-', 320);
INSERT INTO  STUDENT (name, speciality, study_start, study_finish, finish_reason, credits_total) VALUES ('Климчук Вікторія Олександрівна', 'Факультет соціальних наук та соціальних технологій', '2013-09-01', '2017-06-22', '-', 320);
INSERT INTO  STUDENT (name, speciality, study_start, study_finish, finish_reason, credits_total) VALUES ('Хіхлашко Руслана Володимирівна', 'Факультет соціальних наук та соціальних технологій', '2013-09-01', '2017-06-22', '-', 320);
INSERT INTO  STUDENT (name, speciality, study_start, study_finish, finish_reason, credits_total) VALUES ('Левчук Антон Анатолійович', 'Факультет соціальних наук та соціальних технологій', '2013-09-01', '2017-06-22', '-', 320);
INSERT INTO  STUDENT (name, speciality, study_start, study_finish, finish_reason, credits_total) VALUES ('Чоп Наталія Олександрівна', 'Факультет соціальних наук та соціальних технологій', '2013-09-01', '2017-06-22', '-', 320);
INSERT INTO  STUDENT (name, speciality, study_start, study_finish, finish_reason, credits_total) VALUES ('Мізюк Вікторія Олександрівна', 'Факультет соціальних наук та соціальних технологій', '2012-09-01', '2016-07-22', '-', 320);
INSERT INTO  STUDENT (name, speciality, study_start, study_finish, finish_reason, credits_total) VALUES ('Голобородько Валерія Валентинівна', 'Факультет соціальних наук та соціальних технологій', '2012-09-01', '2016-07-22', '-', 320);
INSERT INTO  STUDENT (name, speciality, study_start, study_finish, finish_reason, credits_total) VALUES ('Юрченко Тетяна Вікторівна', 'Факультет соціальних наук та соціальних технологій', '2012-09-01', '2016-07-22', '-', 320);
INSERT INTO  STUDENT (name, speciality, study_start, study_finish, finish_reason, credits_total) VALUES ('Жура Аліна Володимирівна', 'Факультет соціальних наук та соціальних технологій', '2012-09-01', '2016-07-22', '-', 320);
INSERT INTO  STUDENT (name, speciality, study_start, study_finish, finish_reason, credits_total) VALUES ('Засаднюк Вікторія Вікторівна', 'Факультет соціальних наук та соціальних технологій', '2012-09-01', '2016-07-22', '-', 320);
INSERT INTO  STUDENT (name, speciality, study_start, study_finish, finish_reason, credits_total) VALUES ('Попович Діана Олександрівна	', 'Факультет соціальних наук та соціальних технологій', '2011-09-01', '2015-07-23', '-', 320);
INSERT INTO  STUDENT (name, speciality, study_start, study_finish, finish_reason, credits_total) VALUES ('Масюк Ірина Арсенівна', 'Факультет соціальних наук та соціальних технологій', '2011-09-01', '2015-07-23', '-', 320);
INSERT INTO  STUDENT (name, speciality, study_start, study_finish, finish_reason, credits_total) VALUES ('Небожак Ярослав Іванович', 'Факультет соціальних наук та соціальних технологій', '2011-09-01', '2015-07-23', '-', 320);
INSERT INTO  STUDENT (name, speciality, study_start, study_finish, finish_reason, credits_total) VALUES ('Мехеда Євгенія Андріївна', 'Факультет соціальних наук та соціальних технологій', '2014-09-01', '2018-07-28', '-', 320);
INSERT INTO  STUDENT (name, speciality, study_start, study_finish, finish_reason, credits_total) VALUES ('Горюк Андрій Леонідович	', 'Факультет соціальних наук та соціальних технологій', '2014-09-01', '2018-07-28', '-', 320);
INSERT INTO  STUDENT (name, speciality, study_start, study_finish, finish_reason, credits_total) VALUES ('Кириченко Вікторія Василівна', 'Факультет соціальних наук та соціальних технологій', '2014-09-01', '2018-07-28', '-', 320);
INSERT INTO  STUDENT (name, speciality, study_start, study_finish, finish_reason, credits_total) VALUES ('Остренко Богдан Юрійович', 'Факультет соціальних наук та соціальних технологій', '2014-09-01', '2018-07-28', '-', 320);
INSERT INTO  STUDENT (name, speciality, study_start, study_finish, finish_reason, credits_total) VALUES ('Мозок Анна Миколаївна', 'Факультет соціальних наук та соціальних технологій', '2014-09-01', '2018-07-28', '-', 320);
INSERT INTO  STUDENT (name, speciality, study_start, study_finish, finish_reason, credits_total) VALUES ('Овсієнко Тетяна Олександрівна', 'Факультет соціальних наук та соціальних технологій', '2015-09-01', '2019-07-28', '-', 320);
INSERT INTO  STUDENT (name, speciality, study_start, study_finish, finish_reason, credits_total) VALUES ('Бульба Вікторія Валеріївна', 'Факультет соціальних наук та соціальних технологій', '2015-09-01', '2019-07-28', '-', 320);
INSERT INTO  STUDENT (name, speciality, study_start, study_finish, finish_reason, credits_total) VALUES ('Захарченко Олександра Вікторівна', 'Факультет соціальних наук та соціальних технологій', '2015-09-01', '2019-07-28', '-', 320);
INSERT INTO  STUDENT (name, speciality, study_start, study_finish, finish_reason, credits_total) VALUES ('Арутюнян Сергій Олександрович', 'Факультет соціальних наук та соціальних технологій', '2015-09-01', '2019-07-28', '-', 320);
INSERT INTO  STUDENT (name, speciality, study_start, study_finish, finish_reason, credits_total) VALUES ('Рожко Вікторія Олександрівна', 'Факультет соціальних наук та соціальних технологій', '2015-09-01', '2019-07-28', '-', 320);
INSERT INTO  STUDENT (name, speciality, study_start, study_finish, finish_reason, credits_total) VALUES ('Отрошенко Юлія Борисівна', 'Факультет соціальних наук та соціальних технологій', '2016-09-01', '2020-07-28', '-', 320);
INSERT INTO  STUDENT (name, speciality, study_start, study_finish, finish_reason, credits_total) VALUES ('Гутнова Белла Юріївна', 'Факультет соціальних наук та соціальних технологій', '2016-09-01', '2020-07-28', '-', 320);
INSERT INTO  STUDENT (name, speciality, study_start, study_finish, finish_reason, credits_total) VALUES ('Ковбасюк Ренат Нодарійович', 'Факультет соціальних наук та соціальних технологій', '2016-09-01', '2020-07-28', '-', 320);
INSERT INTO  STUDENT (name, speciality, study_start, study_finish, finish_reason, credits_total) VALUES ('Щурко Юрій Володимирович	', 'Факультет соціальних наук та соціальних технологій', '2016-09-01', '2020-07-28', '-', 320);
INSERT INTO  STUDENT (name, speciality, study_start, study_finish, finish_reason, credits_total) VALUES ('Павленко Олексій Миколайович', 'Факультет соціальних наук та соціальних технологій', '2016-09-01', '2020-07-28', '-', 320);
INSERT INTO  STUDENT (name, speciality, study_start, study_finish, finish_reason, credits_total) VALUES ('Кіреєва Аліна Олександрівна', 'Факультет соціальних наук та соціальних технологій', '2016-09-01', '2020-07-28', '-', 320);
INSERT INTO  STUDENT (name, speciality, study_start, study_finish, finish_reason, credits_total) VALUES ('Янішевська Яна Іванівна	', 'Факультет соціальних наук та соціальних технологій', '2016-09-01', '2020-07-28', '-', 320);
INSERT INTO  STUDENT (name, speciality, study_start, study_finish, finish_reason, credits_total) VALUES ('Нєстєров Євгеній Андрійович', 'Факультет економічних наук ', '2011-09-01', '2015-07-23', '-', 455);
INSERT INTO  STUDENT (name, speciality, study_start, study_finish, finish_reason, credits_total) VALUES ('Яхимович Вадим Анатолійович', 'Факультет економічних наук ', '2011-09-01', '2015-07-23', '-', 455);
INSERT INTO  STUDENT (name, speciality, study_start, study_finish, finish_reason, credits_total) VALUES ('Зубкович Григорій Ігорович', 'Факультет економічних наук ', '2011-09-01', '2015-07-23', '-', 455);
INSERT INTO  STUDENT (name, speciality, study_start, study_finish, finish_reason, credits_total) VALUES ('Лєонгардт Олександр Олександрович	', 'Факультет економічних наук ', '2014-09-01', '2018-07-28', '-', 455);
INSERT INTO  STUDENT (name, speciality, study_start, study_finish, finish_reason, credits_total) VALUES ('Ванін Ярослав В`ячеславович', 'Факультет економічних наук ', '2014-09-01', '2018-07-28', '-', 455);
INSERT INTO  STUDENT (name, speciality, study_start, study_finish, finish_reason, credits_total) VALUES ('Мельник Валерія Олегівна', 'Факультет економічних наук ', '2014-09-01', '2018-07-28', '-', 455);
INSERT INTO  STUDENT (name, speciality, study_start, study_finish, finish_reason, credits_total) VALUES ('Синиця Дар`я Миколаївна', 'Факультет економічних наук ', '2014-09-01', '2018-07-28', '-', 455);
INSERT INTO  STUDENT (name, speciality, study_start, study_finish, finish_reason, credits_total) VALUES ('Махно Владислав Анатолійович', 'Факультет економічних наук ', '2014-09-01', '2018-07-28', '-', 455);
INSERT INTO  STUDENT (name, speciality, study_start, study_finish, finish_reason, credits_total) VALUES ('Беркут Олена Петрівна', 'Факультет економічних наук ', '2015-09-01', '2019-07-28', '-', 455);
INSERT INTO  STUDENT (name, speciality, study_start, study_finish, finish_reason, credits_total) VALUES ('Легка Анна Сергіївна', 'Факультет економічних наук ', '2015-09-01', '2019-07-28', '-', 455);
INSERT INTO  STUDENT (name, speciality, study_start, study_finish, finish_reason, credits_total) VALUES ('Безпалько Олександр Сергійович', 'Факультет економічних наук ', '2015-09-01', '2019-07-28', '-', 455);
INSERT INTO  STUDENT (name, speciality, study_start, study_finish, finish_reason, credits_total) VALUES ('Зубарева Дар`я Сергіївна', 'Факультет економічних наук ', '2015-09-01', '2019-07-28', '-', 455);
INSERT INTO  STUDENT (name, speciality, study_start, study_finish, finish_reason, credits_total) VALUES ('Борисов Петро Петрович', 'Факультет економічних наук ', '2015-09-01', '2019-07-28', '-', 455);
INSERT INTO  STUDENT (name, speciality, study_start, study_finish, finish_reason, credits_total) VALUES ('Коваль Сніжана Тімурівна', 'Факультет економічних наук ', '2016-09-01', '2020-07-28', '-', 455);
INSERT INTO  STUDENT (name, speciality, study_start, study_finish, finish_reason, credits_total) VALUES ('Кожем`якін Руслан Андрійович', 'Факультет економічних наук ', '2016-09-01', '2020-07-28', '-', 455);
INSERT INTO  STUDENT (name, speciality, study_start, study_finish, finish_reason, credits_total) VALUES ('Цегельний Іван Анатолійович', 'Факультет економічних наук ', '2016-09-01', '2020-07-28', '-', 455);
INSERT INTO  STUDENT (name, speciality, study_start, study_finish, finish_reason, credits_total) VALUES ('Кризський Станіслав Юрійович', 'Факультет економічних наук ', '2016-09-01', '2020-07-28', '-', 455);
INSERT INTO  STUDENT (name, speciality, study_start, study_finish, finish_reason, credits_total) VALUES ('Кривовид Юлія Русланівна', 'Факультет економічних наук ', '2016-09-01', '2020-07-28', '-', 455);
INSERT INTO  STUDENT (name, speciality, study_start, study_finish, finish_reason, credits_total) VALUES ('Рудюк Дар`я Олексіївна', 'Факультет економічних наук ', '2016-09-01', '2020-07-28', '-', 455);
INSERT INTO  STUDENT (name, speciality, study_start, study_finish, finish_reason, credits_total) VALUES ('Журба Олександр Олександрович', 'Факультет економічних наук ', '2016-09-01', '2020-07-28', '-', 455);
INSERT INTO  STUDENT (name, speciality, study_start, study_finish, finish_reason, credits_total) VALUES ('Сосонович Максим Валерійович', 'Факультет гуманітарних наук', '2013-09-01', '2017-06-22', '-', 365);
INSERT INTO  STUDENT (name, speciality, study_start, study_finish, finish_reason, credits_total) VALUES ('Зінченко-Тулуб Ярослав Сергійович', 'Факультет гуманітарних наук', '2013-09-01', '2017-06-22', '-', 365);
INSERT INTO  STUDENT (name, speciality, study_start, study_finish, finish_reason, credits_total) VALUES ('Лащихіна Ірина Михайлівна', 'Факультет гуманітарних наук', '2013-09-01', '2017-06-22', '-', 365);
INSERT INTO  STUDENT (name, speciality, study_start, study_finish, finish_reason, credits_total) VALUES ('Мягка Марія Андріївна', 'Факультет гуманітарних наук', '2013-09-01', '2017-06-22', '-', 365);
INSERT INTO  STUDENT (name, speciality, study_start, study_finish, finish_reason, credits_total) VALUES ('Маланчук Анастасія Олегівна', 'Факультет гуманітарних наук', '2013-09-01', '2017-06-22', '-', 365);
INSERT INTO  STUDENT (name, speciality, study_start, study_finish, finish_reason, credits_total) VALUES ('Коломієць Олександр Ілліч', 'Факультет гуманітарних наук', '2012-09-01', '2016-07-22', '-', 365);
INSERT INTO  STUDENT (name, speciality, study_start, study_finish, finish_reason, credits_total) VALUES ('Каленик Владислав Петрович', 'Факультет гуманітарних наук', '2012-09-01', '2016-07-22', '-', 365);
INSERT INTO  STUDENT (name, speciality, study_start, study_finish, finish_reason, credits_total) VALUES ('Зінченко Світлана Олегівна', 'Факультет гуманітарних наук', '2012-09-01', '2016-07-22', '-', 365);
INSERT INTO  STUDENT (name, speciality, study_start, study_finish, finish_reason, credits_total) VALUES ('Мартіросян Армен Місакович', 'Факультет гуманітарних наук', '2012-09-01', '2016-07-22', '-', 365);
INSERT INTO  STUDENT (name, speciality, study_start, study_finish, finish_reason, credits_total) VALUES ('Левківська Олена Вікторівна', 'Факультет гуманітарних наук', '2012-09-01', '2016-07-22', '-', 365);
INSERT INTO  STUDENT (name, speciality, study_start, study_finish, finish_reason, credits_total) VALUES ('Гайдай Карина Володимирівна	', 'Факультет гуманітарних наук', '2011-09-01', '2015-07-23', '-', 365);
INSERT INTO  STUDENT (name, speciality, study_start, study_finish, finish_reason, credits_total) VALUES ('Кузьменко Гліб Володимирович', 'Факультет гуманітарних наук', '2011-09-01', '2015-07-23', '-', 365);
INSERT INTO  STUDENT (name, speciality, study_start, study_finish, finish_reason, credits_total) VALUES ('Атабєгов Мераб Іраклійович', 'Факультет гуманітарних наук', '2011-09-01', '2015-07-23', '-', 365);
INSERT INTO  STUDENT (name, speciality, study_start, study_finish, finish_reason, credits_total) VALUES ('Хмара Юрій Олегович', 'Факультет гуманітарних наук', '2014-09-01', '2018-07-28', '-', 365);
INSERT INTO  STUDENT (name, speciality, study_start, study_finish, finish_reason, credits_total) VALUES ('Возна Марина Михайлівна', 'Факультет гуманітарних наук', '2014-09-01', '2018-07-28', '-', 365);
INSERT INTO  STUDENT (name, speciality, study_start, study_finish, finish_reason, credits_total) VALUES ('Василенко Федір Ігорович', 'Факультет гуманітарних наук', '2014-09-01', '2018-07-28', '-', 365);
INSERT INTO  STUDENT (name, speciality, study_start, study_finish, finish_reason, credits_total) VALUES ('Максюта Поліна Володимирівна', 'Факультет гуманітарних наук', '2014-09-01', '2018-07-28', '-', 365);
INSERT INTO  STUDENT (name, speciality, study_start, study_finish, finish_reason, credits_total) VALUES ('Калюжна Вікторія Сергіївна', 'Факультет гуманітарних наук', '2014-09-01', '2018-07-28', '-', 365);
INSERT INTO  STUDENT (name, speciality, study_start, study_finish, finish_reason, credits_total) VALUES ('Волкова Дар`я Романівна', 'Факультет гуманітарних наук', '2015-09-01', '2019-07-28', '-', 365);
INSERT INTO  STUDENT (name, speciality, study_start, study_finish, finish_reason, credits_total) VALUES ('Гоменюк Анастасія Сергіївна', 'Факультет гуманітарних наук', '2015-09-01', '2019-07-28', '-', 365);
INSERT INTO  STUDENT (name, speciality, study_start, study_finish, finish_reason, credits_total) VALUES ('Береза Віктор Андрійович', 'Факультет гуманітарних наук', '2015-09-01', '2019-07-28', '-', 365);
INSERT INTO  STUDENT (name, speciality, study_start, study_finish, finish_reason, credits_total) VALUES ('Суконкін Олексій Едуардович', 'Факультет гуманітарних наук', '2015-09-01', '2019-07-28', '-', 365);
INSERT INTO  STUDENT (name, speciality, study_start, study_finish, finish_reason, credits_total) VALUES ('Вікторов Кирило Вікторович', 'Факультет гуманітарних наук', '2015-09-01', '2019-07-28', '-', 365);
INSERT INTO  STUDENT (name, speciality, study_start, study_finish, finish_reason, credits_total) VALUES ('Ткачишина Ганна Михайлівна', 'Факультет гуманітарних наук', '2016-09-01', '2020-07-28', '-', 365);
INSERT INTO  STUDENT (name, speciality, study_start, study_finish, finish_reason, credits_total) VALUES ('Тимченко Лада Олексіївна', 'Факультет гуманітарних наук', '2016-09-01', '2020-07-28', '-', 365);
INSERT INTO  STUDENT (name, speciality, study_start, study_finish, finish_reason, credits_total) VALUES ('Шевченко Яна Павлівна', 'Факультет гуманітарних наук', '2016-09-01', '2020-07-28', '-', 365);
INSERT INTO  STUDENT (name, speciality, study_start, study_finish, finish_reason, credits_total) VALUES ('Борошнєв Ігор Вікторович', 'Факультет гуманітарних наук', '2016-09-01', '2020-07-28', '-', 365);
INSERT INTO  STUDENT (name, speciality, study_start, study_finish, finish_reason, credits_total) VALUES ('Давиденко Максим Юрійович', 'Факультет гуманітарних наук', '2016-09-01', '2020-07-28', '-', 365);
INSERT INTO  STUDENT (name, speciality, study_start, study_finish, finish_reason, credits_total) VALUES ('Сивак Марина Сергіївна', 'Факультет гуманітарних наук', '2016-09-01', '2020-07-28', '-', 365);
INSERT INTO  STUDENT (name, speciality, study_start, study_finish, finish_reason, credits_total) VALUES ('Кас`янова Єлизавета Володимирівна', 'Факультет природничих наук', '2013-09-01', '2017-06-22', '-', 455);
INSERT INTO  STUDENT (name, speciality, study_start, study_finish, finish_reason, credits_total) VALUES ('Любарський Вадим Сергійович', 'Факультет природничих наук', '2013-09-01', '2017-06-22', '-', 455);
INSERT INTO  STUDENT (name, speciality, study_start, study_finish, finish_reason, credits_total) VALUES ('Білан Вікторія Валентинівна', 'Факультет природничих наук', '2013-09-01', '2017-06-22', '-', 455);
INSERT INTO  STUDENT (name, speciality, study_start, study_finish, finish_reason, credits_total) VALUES ('Огороднійчук Олексій Олександрович', 'Факультет природничих наук', '2013-09-01', '2017-06-22', '-', 455);
INSERT INTO  STUDENT (name, speciality, study_start, study_finish, finish_reason, credits_total) VALUES ('Міма Дар`я Олександрівна', 'Факультет природничих наук', '2013-09-01', '2017-06-22', '-', 455);
INSERT INTO  STUDENT (name, speciality, study_start, study_finish, finish_reason, credits_total) VALUES ('Вєліков Степан Георгійович', 'Факультет природничих наук', '2012-09-01', '2016-07-22', '-', 455);
INSERT INTO  STUDENT (name, speciality, study_start, study_finish, finish_reason, credits_total) VALUES ('Шепель Антон Миколайович	', 'Факультет природничих наук', '2012-09-01', '2016-07-22', '-', 455);
INSERT INTO  STUDENT (name, speciality, study_start, study_finish, finish_reason, credits_total) VALUES ('Скляр Ольга Олександрівна', 'Факультет природничих наук', '2012-09-01', '2016-07-22', '-', 455);
INSERT INTO  STUDENT (name, speciality, study_start, study_finish, finish_reason, credits_total) VALUES ('Полякова Владислава Ігорівна', 'Факультет природничих наук', '2012-09-01', '2016-07-22', '-', 455);
INSERT INTO  STUDENT (name, speciality, study_start, study_finish, finish_reason, credits_total) VALUES ('Садовська Марія Дмитрівна', 'Факультет природничих наук', '2012-09-01', '2016-07-22', '-', 455);
INSERT INTO  STUDENT (name, speciality, study_start, study_finish, finish_reason, credits_total) VALUES ('Биченкова Анастасія Василівна', 'Факультет природничих наук', '2011-09-01', '2015-07-23', '-', 455);
INSERT INTO  STUDENT (name, speciality, study_start, study_finish, finish_reason, credits_total) VALUES ('Кліменко Мілена Русланівна', 'Факультет природничих наук', '2011-09-01', '2015-07-23', '-', 455);
INSERT INTO  STUDENT (name, speciality, study_start, study_finish, finish_reason, credits_total) VALUES ('Баладжаєв Орхан Фаігогли', 'Факультет природничих наук', '2011-09-01', '2015-07-23', '-', 455);
INSERT INTO  STUDENT (name, speciality, study_start, study_finish, finish_reason, credits_total) VALUES ('Шевченко Ельміра Павлівна', 'Факультет природничих наук', '2014-09-01', '2018-07-28', '-', 455);
INSERT INTO  STUDENT (name, speciality, study_start, study_finish, finish_reason, credits_total) VALUES ('Конюшенко Микита Олександрович', 'Факультет природничих наук', '2014-09-01', '2018-07-28', '-', 455);
INSERT INTO  STUDENT (name, speciality, study_start, study_finish, finish_reason, credits_total) VALUES ('Григоренко Любов Олегівна', 'Факультет природничих наук', '2014-09-01', '2018-07-28', '-', 455);
INSERT INTO  STUDENT (name, speciality, study_start, study_finish, finish_reason, credits_total) VALUES ('Григоряк Максим Сергійович', 'Факультет природничих наук', '2014-09-01', '2018-07-28', '-', 455);
INSERT INTO  STUDENT (name, speciality, study_start, study_finish, finish_reason, credits_total) VALUES ('Кузьменко Анна Георгіївна', 'Факультет природничих наук', '2014-09-01', '2018-07-28', '-', 455);
INSERT INTO  STUDENT (name, speciality, study_start, study_finish, finish_reason, credits_total) VALUES ('Колесник Олександр Олександрович', 'Факультет природничих наук', '2015-09-01', '2019-07-28', '-', 455);
INSERT INTO  STUDENT (name, speciality, study_start, study_finish, finish_reason, credits_total) VALUES ('Панкулич Марія Вікторівна', 'Факультет природничих наук', '2015-09-01', '2019-07-28', '-', 455);
INSERT INTO  STUDENT (name, speciality, study_start, study_finish, finish_reason, credits_total) VALUES ('Ковалишин Дарія Ярославівна', 'Факультет природничих наук', '2015-09-01', '2019-07-28', '-', 455);
INSERT INTO  STUDENT (name, speciality, study_start, study_finish, finish_reason, credits_total) VALUES ('Касімов Олексій Октайович', 'Факультет природничих наук', '2015-09-01', '2019-07-28', '-', 455);
INSERT INTO  STUDENT (name, speciality, study_start, study_finish, finish_reason, credits_total) VALUES ('Горб Аліна Сергіївна', 'Факультет природничих наук', '2015-09-01', '2019-07-28', '-', 455);
INSERT INTO  STUDENT (name, speciality, study_start, study_finish, finish_reason, credits_total) VALUES ('Сірак Степан Андрійович', 'Факультет природничих наук', '2016-09-01', '2020-07-28', '-', 455);
INSERT INTO  STUDENT (name, speciality, study_start, study_finish, finish_reason, credits_total) VALUES ('Лазебний Олег Ігорович', 'Факультет природничих наук', '2016-09-01', '2020-07-28', '-', 455);
INSERT INTO  STUDENT (name, speciality, study_start, study_finish, finish_reason, credits_total) VALUES ('Гордієнко Юлія Миколаївна', 'Факультет природничих наук', '2016-09-01', '2020-07-28', '-', 455);
INSERT INTO  STUDENT (name, speciality, study_start, study_finish, finish_reason, credits_total) VALUES ('Любченко Олександр Олексійович', 'Факультет природничих наук', '2016-09-01', '2020-07-28', '-', 455);
INSERT INTO  STUDENT (name, speciality, study_start, study_finish, finish_reason, credits_total) VALUES ('Менжега Михайло Олександрович', 'Факультет природничих наук', '2016-09-01', '2020-07-28', '-', 455);
INSERT INTO  STUDENT (name, speciality, study_start, study_finish, finish_reason, credits_total) VALUES ('Юрчук Данило Юрійович', 'Факультет природничих наук', '2016-09-01', '2020-07-28', '-', 455);


INSERT INTO  AUDITORIUM (number) VALUES ('1-101');
INSERT INTO  AUDITORIUM (number) VALUES ('1-102');
INSERT INTO  AUDITORIUM (number) VALUES ('1-103');
INSERT INTO  AUDITORIUM (number) VALUES ('1-104');
INSERT INTO  AUDITORIUM (number) VALUES ('1-105');
INSERT INTO  AUDITORIUM (number) VALUES ('1-106');
INSERT INTO  AUDITORIUM (number) VALUES ('1-107');
INSERT INTO  AUDITORIUM (number) VALUES ('1-108');
INSERT INTO  AUDITORIUM (number) VALUES ('1-109');
INSERT INTO  AUDITORIUM (number) VALUES ('1-110');
INSERT INTO  AUDITORIUM (number) VALUES ('2-201');
INSERT INTO  AUDITORIUM (number) VALUES ('2-202');
INSERT INTO  AUDITORIUM (number) VALUES ('2-203');
INSERT INTO  AUDITORIUM (number) VALUES ('2-204');
INSERT INTO  AUDITORIUM (number) VALUES ('2-205');
INSERT INTO  AUDITORIUM (number) VALUES ('2-206');
INSERT INTO  AUDITORIUM (number) VALUES ('2-207');
INSERT INTO  AUDITORIUM (number) VALUES ('2-208');
INSERT INTO  AUDITORIUM (number) VALUES ('2-209');
INSERT INTO  AUDITORIUM (number) VALUES ('2-210');
INSERT INTO  AUDITORIUM (number) VALUES ('3-301');
INSERT INTO  AUDITORIUM (number) VALUES ('3-302');
INSERT INTO  AUDITORIUM (number) VALUES ('3-303');
INSERT INTO  AUDITORIUM (number) VALUES ('3-304');
INSERT INTO  AUDITORIUM (number) VALUES ('3-305');
INSERT INTO  AUDITORIUM (number) VALUES ('3-306');
INSERT INTO  AUDITORIUM (number) VALUES ('3-307');
INSERT INTO  AUDITORIUM (number) VALUES ('3-308');
INSERT INTO  AUDITORIUM (number) VALUES ('3-309');
INSERT INTO  AUDITORIUM (number) VALUES ('3-310');
INSERT INTO  AUDITORIUM (number) VALUES ('4-101');
INSERT INTO  AUDITORIUM (number) VALUES ('4-102');
INSERT INTO  AUDITORIUM (number) VALUES ('4-103');
INSERT INTO  AUDITORIUM (number) VALUES ('4-104');
INSERT INTO  AUDITORIUM (number) VALUES ('4-105');
INSERT INTO  AUDITORIUM (number) VALUES ('4-106');
INSERT INTO  AUDITORIUM (number) VALUES ('4-107');
INSERT INTO  AUDITORIUM (number) VALUES ('4-108');
INSERT INTO  AUDITORIUM (number) VALUES ('4-109');
INSERT INTO  AUDITORIUM (number) VALUES ('4-110');
INSERT INTO  AUDITORIUM (number) VALUES ('5-201');
INSERT INTO  AUDITORIUM (number) VALUES ('5-202');
INSERT INTO  AUDITORIUM (number) VALUES ('5-203');
INSERT INTO  AUDITORIUM (number) VALUES ('5-204');
INSERT INTO  AUDITORIUM (number) VALUES ('5-205');
INSERT INTO  AUDITORIUM (number) VALUES ('5-206');
INSERT INTO  AUDITORIUM (number) VALUES ('5-207');
INSERT INTO  AUDITORIUM (number) VALUES ('5-208');
INSERT INTO  AUDITORIUM (number) VALUES ('5-209');
INSERT INTO  AUDITORIUM (number) VALUES ('5-210');
INSERT INTO  AUDITORIUM (number) VALUES ('6-101');
INSERT INTO  AUDITORIUM (number) VALUES ('6-102');
INSERT INTO  AUDITORIUM (number) VALUES ('6-103');
INSERT INTO  AUDITORIUM (number) VALUES ('6-104');
INSERT INTO  AUDITORIUM (number) VALUES ('6-105');
INSERT INTO  AUDITORIUM (number) VALUES ('6-106');
INSERT INTO  AUDITORIUM (number) VALUES ('6-107');
INSERT INTO  AUDITORIUM (number) VALUES ('6-108');
INSERT INTO  AUDITORIUM (number) VALUES ('6-109');
INSERT INTO  AUDITORIUM (number) VALUES ('6-110');
INSERT INTO  AUDITORIUM (number) VALUES ('8-101');
INSERT INTO  AUDITORIUM (number) VALUES ('8-102');
INSERT INTO  AUDITORIUM (number) VALUES ('8-103');
INSERT INTO  AUDITORIUM (number) VALUES ('8-104');
INSERT INTO  AUDITORIUM (number) VALUES ('8-105');
INSERT INTO  AUDITORIUM (number) VALUES ('8-106');
INSERT INTO  AUDITORIUM (number) VALUES ('8-107');
INSERT INTO  AUDITORIUM (number) VALUES ('8-108');
INSERT INTO  AUDITORIUM (number) VALUES ('8-109');
INSERT INTO  AUDITORIUM (number) VALUES ('9-201');
INSERT INTO  AUDITORIUM (number) VALUES ('9-202');
INSERT INTO  AUDITORIUM (number) VALUES ('9-203');
INSERT INTO  AUDITORIUM (number) VALUES ('9-204');
INSERT INTO  AUDITORIUM (number) VALUES ('9-205');
INSERT INTO  AUDITORIUM (number) VALUES ('9-206');
INSERT INTO  AUDITORIUM (number) VALUES ('9-207');
INSERT INTO  AUDITORIUM (number) VALUES ('9-208');
INSERT INTO  AUDITORIUM (number) VALUES ('9-209');
INSERT INTO  AUDITORIUM (number) VALUES ('9-210');

INSERT INTO  DEPARTMENT (name, aud) VALUES ('Літературознавства', '1-101');
INSERT INTO  DEPARTMENT (name, aud) VALUES ('Української мови
', '1-102');
INSERT INTO  DEPARTMENT (name, aud) VALUES ('Англійської мови
', '1-103');
INSERT INTO  DEPARTMENT (name, aud) VALUES ('Загального та слов''янського мовознавства', '1-104');
INSERT INTO  DEPARTMENT (name, aud) VALUES ('Економічної теорії', '1-105');
INSERT INTO  DEPARTMENT (name, aud) VALUES ('Маркетингу та управління бізнесом
', '1-106');
INSERT INTO  DEPARTMENT (name, aud) VALUES ('Інформатики
', '1-107');
INSERT INTO  DEPARTMENT (name, aud) VALUES ('Мережних технологій', '1-108');
INSERT INTO  DEPARTMENT (name, aud) VALUES ('Загальнотеоретичних та державно-правових наук', '1-109');
INSERT INTO  DEPARTMENT (name, aud) VALUES ('Жана Моне з права Європейського Союзу', '1-110');
INSERT INTO  DEPARTMENT (name, aud) VALUES ('Біології
', '2-201');
INSERT INTO  DEPARTMENT (name, aud) VALUES ('Хімії', '2-202');
INSERT INTO  DEPARTMENT (name, aud) VALUES ('Лабораторної діагностики біологічних систем', '2-203');
INSERT INTO  DEPARTMENT (name, aud) VALUES ('Зв’язків із громадськістю', '2-204');
INSERT INTO  DEPARTMENT (name, aud) VALUES ('Охорони здоров’я', '2-205');
INSERT INTO  DEPARTMENT (name, aud) VALUES ('Соціології', '2-206');
INSERT INTO  DEPARTMENT (name, aud) VALUES ('Школа журналістики', '2-207');
INSERT INTO  DEPARTMENT (name, aud) VALUES ('Культурології', '2-208');
INSERT INTO  DEPARTMENT (name, aud) VALUES ('Філософії та релігієзнавства', '2-209');
INSERT INTO  DEPARTMENT (name, aud) VALUES ('Археології', '2-210');
INSERT INTO  DEPARTMENT (name, aud) VALUES ('Історії', '3-301');
INSERT INTO  DEPARTMENT (name, aud) VALUES ('Фінансів', '3-302');
INSERT INTO  DEPARTMENT (name, aud) VALUES ('Мультимедійних систем', '3-303');
INSERT INTO  DEPARTMENT (name, aud) VALUES ('Математики
', '3-304');
INSERT INTO  DEPARTMENT (name, aud) VALUES ('Міжнародного права і спеціальних правових наук', '3-305');
INSERT INTO  DEPARTMENT (name, aud) VALUES ('Галузевих правових наук
', '3-306');
INSERT INTO  DEPARTMENT (name, aud) VALUES ('Експериментальна навчальна лабораторія «Правнича клініка»', '3-307');
INSERT INTO  DEPARTMENT (name, aud) VALUES ('Екології', '3-308');
INSERT INTO  DEPARTMENT (name, aud) VALUES ('Фізико-математичних наук
', '3-309');
INSERT INTO  DEPARTMENT (name, aud) VALUES ('Фізичного виховання', '3-310');
INSERT INTO  DEPARTMENT (name, aud) VALUES ('Психології та педагогіки', '4-101');
INSERT INTO  DEPARTMENT (name, aud) VALUES ('Політології', '4-102');
INSERT INTO  DEPARTMENT (name, aud) VALUES ('Соціальної роботи ім. професора Володимира Полтавця', '4-103');

INSERT INTO   COURSE (name, outcome, credits, department_name, precondition_course) VALUES ('Актуальні проблеми історико-філософського пізнання', 'іспит', 5, 'Філософії та релігієзнавства', null);
INSERT INTO   COURSE (name, outcome, credits, department_name, precondition_course) VALUES ('Актуальні проблеми менеджменту та маркетингу', 'залік', 2, 'Маркетингу та управління бізнесом
', null);
INSERT INTO   COURSE (name, outcome, credits, department_name, precondition_course) VALUES ('Американська велика проза XX ст.', 'залік', 2, 'Літературознавства', null);
INSERT INTO   COURSE (name, outcome, credits, department_name, precondition_course) VALUES ('Аналіз функцій багатьох змінних', 'іспит', 5, 'Фізико-математичних наук
', null);
INSERT INTO   COURSE (name, outcome, credits, department_name, precondition_course) VALUES ('Аналітична хімія', 'залік', 3, 'Хімії', null);
INSERT INTO   COURSE (name, outcome, credits, department_name, precondition_course) VALUES ('Англійська мова', 'залік', 2, 'Англійської мови
', null);
INSERT INTO   COURSE (name, outcome, credits, department_name, precondition_course) VALUES ('Англійська мова (за професійним спрямуванням)	', 'залік', 2, 'Культурології', null);
INSERT INTO   COURSE (name, outcome, credits, department_name, precondition_course) VALUES ('Архітектура мікропроцесорів', 'іспит', 5, 'Мережних технологій', null);
INSERT INTO   COURSE (name, outcome, credits, department_name, precondition_course) VALUES ('Баскетбол', 'залік', 4, 'Фізичного виховання', null);
INSERT INTO   COURSE (name, outcome, credits, department_name, precondition_course) VALUES ('Безпека життєдіяльності', 'залік', 5, 'Екології', null);
INSERT INTO   COURSE (name, outcome, credits, department_name, precondition_course) VALUES ('Бізнес планування', 'залік', 2, 'Фінансів', null);
INSERT INTO   COURSE (name, outcome, credits, department_name, precondition_course) VALUES ('Біоорганічна хімія', 'іспит', 5, 'Біології
', null);
INSERT INTO   COURSE (name, outcome, credits, department_name, precondition_course) VALUES ('Бухгалтерія', 'залік', 3, 'Фінансів', null);
INSERT INTO   COURSE (name, outcome, credits, department_name, precondition_course) VALUES ('Вимова', 'іспит', 5, 'Загального та слов''янського мовознавства', null);
INSERT INTO   COURSE (name, outcome, credits, department_name, precondition_course) VALUES ('Вирішення конфліктних ситуацій	', 'іспит', 2, 'Зв’язків із громадськістю', null);
INSERT INTO   COURSE (name, outcome, credits, department_name, precondition_course) VALUES ('Вища математика', 'іспит', 3, 'Математики
', null);
INSERT INTO   COURSE (name, outcome, credits, department_name, precondition_course) VALUES ('Волейбол', 'іспит', 5, 'Фізичного виховання', null);
INSERT INTO   COURSE (name, outcome, credits, department_name, precondition_course) VALUES ('Врегулювання стану людини', 'іспит', 5, 'Зв’язків із громадськістю', null);
INSERT INTO   COURSE (name, outcome, credits, department_name, precondition_course) VALUES ('Вступ до відеовиробництва', 'залік', 5, 'Школа журналістики', null);
INSERT INTO   COURSE (name, outcome, credits, department_name, precondition_course) VALUES ('Вступ до медичних знань', 'залік', 5, 'Охорони здоров’я', null);
INSERT INTO   COURSE (name, outcome, credits, department_name, precondition_course) VALUES ('Демографія', 'іспит', 3, 'Соціології', null);
INSERT INTO   COURSE (name, outcome, credits, department_name, precondition_course) VALUES ('Екологічне право', 'іспит', 5, 'Галузевих правових наук
', null);
INSERT INTO   COURSE (name, outcome, credits, department_name, precondition_course) VALUES ('Екологія', 'залік', 2, 'Екології', null);
INSERT INTO   COURSE (name, outcome, credits, department_name, precondition_course) VALUES ('Екологія людини', 'іспит', 4, 'Екології', null);
INSERT INTO   COURSE (name, outcome, credits, department_name, precondition_course) VALUES ('Екологія міських систем', 'залік', 5, 'Екології', null);
INSERT INTO   COURSE (name, outcome, credits, department_name, precondition_course) VALUES ('Економічна історія', 'залік', 3, 'Економічної теорії', null);
INSERT INTO   COURSE (name, outcome, credits, department_name, precondition_course) VALUES ('Електрика та магнетизм', 'залік', 3, 'Лабораторної діагностики біологічних систем', null);
INSERT INTO   COURSE (name, outcome, credits, department_name, precondition_course) VALUES ('Ендокринологія', 'залік', 3, 'Біології
', null);
INSERT INTO   COURSE (name, outcome, credits, department_name, precondition_course) VALUES ('Журналістська етика', 'залік', 4, 'Школа журналістики', null);
INSERT INTO   COURSE (name, outcome, credits, department_name, precondition_course) VALUES ('Загальна соціологія', 'іспит', 3, 'Соціології', null);
INSERT INTO   COURSE (name, outcome, credits, department_name, precondition_course) VALUES ('Загальне мовознавство в літературі', 'залік', 3, 'Загального та слов''янського мовознавства', null);
INSERT INTO   COURSE (name, outcome, credits, department_name, precondition_course) VALUES ('Зоологія безхребетних', 'іспит', 5, 'Біології
', null);
INSERT INTO   COURSE (name, outcome, credits, department_name, precondition_course) VALUES ('Інтелектуальна власність', 'іспит', 5, 'Галузевих правових наук
', null);
INSERT INTO   COURSE (name, outcome, credits, department_name, precondition_course) VALUES ('Інформаційні технології', 'залік', 5, 'Інформатики
', null);
INSERT INTO   COURSE (name, outcome, credits, department_name, precondition_course) VALUES ('Історична антропологія України', 'залік', 3, 'Археології', null);
INSERT INTO   COURSE (name, outcome, credits, department_name, precondition_course) VALUES ('Історія економічних вчень', 'іспит', 4, 'Економічної теорії', null);
INSERT INTO   COURSE (name, outcome, credits, department_name, precondition_course) VALUES ('Історія кіно	', 'іспит', 4, 'Культурології', null);
INSERT INTO   COURSE (name, outcome, credits, department_name, precondition_course) VALUES ('Історія політико-правових вчень', 'залік', 3, 'Загальнотеоретичних та державно-правових наук', null);
INSERT INTO   COURSE (name, outcome, credits, department_name, precondition_course) VALUES ('Історія природознавства', 'залік', 3, 'Екології', null);
INSERT INTO   COURSE (name, outcome, credits, department_name, precondition_course) VALUES ('Історія соціології
', 'іспит', 2, 'Соціології', null);
INSERT INTO   COURSE (name, outcome, credits, department_name, precondition_course) VALUES ('Історія України', 'іспит', 4, 'Історії', null);
INSERT INTO   COURSE (name, outcome, credits, department_name, precondition_course) VALUES ('Історія української культури', 'іспит', 5, 'Культурології', null);
INSERT INTO   COURSE (name, outcome, credits, department_name, precondition_course) VALUES ('Історія Центрально-Східної Європи', 'іспит', 5, 'Історії', null);
INSERT INTO   COURSE (name, outcome, credits, department_name, precondition_course) VALUES ('Йога', 'іспит', 2, 'Фізичного виховання', null);
INSERT INTO   COURSE (name, outcome, credits, department_name, precondition_course) VALUES ('Київська Русь та її сусіди', 'залік', 2, 'Археології', null);
INSERT INTO   COURSE (name, outcome, credits, department_name, precondition_course) VALUES ('Клінічна ензимологія і ензимодіагностика', 'залік', 3, 'Лабораторної діагностики біологічних систем', null);
INSERT INTO   COURSE (name, outcome, credits, department_name, precondition_course) VALUES ('Клітинні технології в трансплантації', 'залік', 4, 'Лабораторної діагностики біологічних систем', null);
INSERT INTO   COURSE (name, outcome, credits, department_name, precondition_course) VALUES ('Ключові проблеми стародавньої історії України', 'іспит', 4, 'Археології', null);
INSERT INTO   COURSE (name, outcome, credits, department_name, precondition_course) VALUES ('Колоїдна хімія', 'залік', 4, 'Хімії', null);
INSERT INTO   COURSE (name, outcome, credits, department_name, precondition_course) VALUES ('Комп`ютерні аналітичні програми', 'іспит', 4, 'Інформатики
', null);
INSERT INTO   COURSE (name, outcome, credits, department_name, precondition_course) VALUES ('Конституційне право України', 'залік', 4, 'Жана Моне з права Європейського Союзу', null);
INSERT INTO   COURSE (name, outcome, credits, department_name, precondition_course) VALUES ('Країнознавство', 'іспит', 4, 'Англійської мови
', null);
INSERT INTO   COURSE (name, outcome, credits, department_name, precondition_course) VALUES ('Криміналістика', 'залік', 3, 'Галузевих правових наук
', null);
INSERT INTO   COURSE (name, outcome, credits, department_name, precondition_course) VALUES ('Критичне читання', 'залік', 3, 'Англійської мови
', null);
INSERT INTO   COURSE (name, outcome, credits, department_name, precondition_course) VALUES ('Культурологія', 'залік', 3, 'Культурології', null);
INSERT INTO   COURSE (name, outcome, credits, department_name, precondition_course) VALUES ('Логіка', 'залік', 4, 'Загальнотеоретичних та державно-правових наук', null);
INSERT INTO   COURSE (name, outcome, credits, department_name, precondition_course) VALUES ('Логіка соціологічного дослідження', 'залік', 4, 'Соціології', null);
INSERT INTO   COURSE (name, outcome, credits, department_name, precondition_course) VALUES ('Локальні мережі', 'залік', 3, 'Мережних технологій', null);
INSERT INTO   COURSE (name, outcome, credits, department_name, precondition_course) VALUES ('Макроекономіка', 'іспит', 5, 'Економічної теорії', null);
INSERT INTO   COURSE (name, outcome, credits, department_name, precondition_course) VALUES ('Маркетинг інновацій', 'залік', 4, 'Охорони здоров’я', null);
INSERT INTO   COURSE (name, outcome, credits, department_name, precondition_course) VALUES ('Менеджмент людських ресурсів', 'залік', 4, 'Політології', null);
INSERT INTO   COURSE (name, outcome, credits, department_name, precondition_course) VALUES ('Мерчендайзинг', 'іспит', 4, 'Фінансів', null);
INSERT INTO   COURSE (name, outcome, credits, department_name, precondition_course) VALUES ('Методика викладання англійської мови', 'іспит', 5, 'Англійської мови
', null);
INSERT INTO   COURSE (name, outcome, credits, department_name, precondition_course) VALUES ('Механіка', 'іспит', 2, 'Фізико-математичних наук
', null);
INSERT INTO   COURSE (name, outcome, credits, department_name, precondition_course) VALUES ('Міжнародна економіка', 'залік', 2, 'Економічної теорії', null);
INSERT INTO   COURSE (name, outcome, credits, department_name, precondition_course) VALUES ('Міжнародний маркетинг', 'іспит', 4, 'Маркетингу та управління бізнесом
', null);
INSERT INTO   COURSE (name, outcome, credits, department_name, precondition_course) VALUES ('Міжнародний менеджмент та маркетинг', 'іспит', 5, 'Фінансів', null);
INSERT INTO   COURSE (name, outcome, credits, department_name, precondition_course) VALUES ('Мікробіологія', 'залік', 4, 'Біології
', null);
INSERT INTO   COURSE (name, outcome, credits, department_name, precondition_course) VALUES ('Мовлення', 'іспит', 4, 'Загального та слов''янського мовознавства', null);
INSERT INTO   COURSE (name, outcome, credits, department_name, precondition_course) VALUES ('Мовна норма і стиль', 'іспит', 2, 'Української мови
', null);
INSERT INTO   COURSE (name, outcome, credits, department_name, precondition_course) VALUES ('Молекулярна фізика', 'залік', 4, 'Фізико-математичних наук
', null);
INSERT INTO   COURSE (name, outcome, credits, department_name, precondition_course) VALUES ('Об`єктно-орієнтоване програмування', 'залік', 5, 'Мультимедійних систем', null);
INSERT INTO   COURSE (name, outcome, credits, department_name, precondition_course) VALUES ('Обробка зображень', 'залік', 2, 'Мультимедійних систем', null);
INSERT INTO   COURSE (name, outcome, credits, department_name, precondition_course) VALUES ('Органічна хімія', 'іспит', 5, 'Хімії', null);
INSERT INTO   COURSE (name, outcome, credits, department_name, precondition_course) VALUES ('Основи unix систем', 'іспит', 2, 'Мережних технологій', null);
INSERT INTO   COURSE (name, outcome, credits, department_name, precondition_course) VALUES ('Основи інтернет бізнесу', 'іспит', 5, 'Мультимедійних систем', null);
INSERT INTO   COURSE (name, outcome, credits, department_name, precondition_course) VALUES ('Основи інформаційного суспільства', 'залік', 2, 'Інформатики
', null);
INSERT INTO   COURSE (name, outcome, credits, department_name, precondition_course) VALUES ('Основи літературної творчості', 'іспит', 4, 'Літературознавства', null);
INSERT INTO   COURSE (name, outcome, credits, department_name, precondition_course) VALUES ('Основи міжнародних відносин', 'залік', 5, 'Політології', null);
INSERT INTO   COURSE (name, outcome, credits, department_name, precondition_course) VALUES ('Основи мовознавства', 'залік', 3, 'Загального та слов''янського мовознавства', null);
INSERT INTO   COURSE (name, outcome, credits, department_name, precondition_course) VALUES ('Основи належної лабораторної і виробничої практики (GLP і GMP)', 'іспит', 5, 'Лабораторної діагностики біологічних систем', null);
INSERT INTO   COURSE (name, outcome, credits, department_name, precondition_course) VALUES ('Основи наукової комунікації	', 'залік', 5, 'Української мови
', null);
INSERT INTO   COURSE (name, outcome, credits, department_name, precondition_course) VALUES ('Основи наукової комунікації	залік', 'залік', 4, 'Української мови
', null);
INSERT INTO   COURSE (name, outcome, credits, department_name, precondition_course) VALUES ('Основи операційних систем', 'залік', 4, 'Мережних технологій', null);
INSERT INTO   COURSE (name, outcome, credits, department_name, precondition_course) VALUES ('Основи охорони праці', 'іспит', 2, 'Соціальної роботи ім. професора Володимира Полтавця', null);
INSERT INTO   COURSE (name, outcome, credits, department_name, precondition_course) VALUES ('Основи політичної науки', 'іспит', 2, 'Політології', null);
INSERT INTO   COURSE (name, outcome, credits, department_name, precondition_course) VALUES ('Основи права	', 'іспит', 2, 'Загальнотеоретичних та державно-правових наук', null);
INSERT INTO   COURSE (name, outcome, credits, department_name, precondition_course) VALUES ('Основи права', 'залік', 3, 'Міжнародного права і спеціальних правових наук', null);
INSERT INTO   COURSE (name, outcome, credits, department_name, precondition_course) VALUES ('Основи та методи наукових досліджень', 'іспит', 2, 'Охорони здоров’я', null);
INSERT INTO   COURSE (name, outcome, credits, department_name, precondition_course) VALUES ('Охорона пам`яток історії та культури', 'іспит', 5, 'Археології', null);
INSERT INTO   COURSE (name, outcome, credits, department_name, precondition_course) VALUES ('Охорона праці в галузі', 'іспит', 2, 'Екології', null);
INSERT INTO   COURSE (name, outcome, credits, department_name, precondition_course) VALUES ('Педагогіка', 'залік', 5, 'Психології та педагогіки', null);
INSERT INTO   COURSE (name, outcome, credits, department_name, precondition_course) VALUES ('Податкове право', 'іспит', 2, 'Жана Моне з права Європейського Союзу', null);
INSERT INTO   COURSE (name, outcome, credits, department_name, precondition_course) VALUES ('Політологія', 'іспит', 3, 'Політології', null);
INSERT INTO   COURSE (name, outcome, credits, department_name, precondition_course) VALUES ('Порівняльне державотворення в історії', 'залік', 2, 'Історії', null);
INSERT INTO   COURSE (name, outcome, credits, department_name, precondition_course) VALUES ('Походження українського народу', 'залік', 2, 'Археології', null);
INSERT INTO   COURSE (name, outcome, credits, department_name, precondition_course) VALUES ('Право та суспільство (англійською мовою)', 'іспит', 5, 'Міжнародного права і спеціальних правових наук', null);
INSERT INTO   COURSE (name, outcome, credits, department_name, precondition_course) VALUES ('Правове забезпечення ЗМІ', 'іспит', 3, 'Школа журналістики', null);
INSERT INTO   COURSE (name, outcome, credits, department_name, precondition_course) VALUES ('Правове регулювання соціальних відносин', 'іспит', 2, 'Загальнотеоретичних та державно-правових наук', null);
INSERT INTO   COURSE (name, outcome, credits, department_name, precondition_course) VALUES ('Практика дослідницька', 'іспит', 3, 'Інформатики
', null);
INSERT INTO   COURSE (name, outcome, credits, department_name, precondition_course) VALUES ('Практика ознайомлювальна', 'іспит', 5, 'Загальнотеоретичних та державно-правових наук', null);
INSERT INTO   COURSE (name, outcome, credits, department_name, precondition_course) VALUES ('Прийняття рішень за умов невизначеності', 'залік', 2, 'Математики
', null);
INSERT INTO   COURSE (name, outcome, credits, department_name, precondition_course) VALUES ('Прикладне програмування', 'залік', 2, 'Інформатики
', null);
INSERT INTO   COURSE (name, outcome, credits, department_name, precondition_course) VALUES ('Проблеми викладання національної історії в умовах глобалізації', 'іспит', 4, 'Історії', null);
INSERT INTO   COURSE (name, outcome, credits, department_name, precondition_course) VALUES ('Проблеми теорії та методології історичного дослідження', 'залік', 3, 'Історії', null);
INSERT INTO   COURSE (name, outcome, credits, department_name, precondition_course) VALUES ('Програмування на основі .NET', 'іспит', 4, 'Мультимедійних систем', null);
INSERT INTO   COURSE (name, outcome, credits, department_name, precondition_course) VALUES ('Психологічна наука', 'іспит', 5, 'Зв’язків із громадськістю', null);
INSERT INTO   COURSE (name, outcome, credits, department_name, precondition_course) VALUES ('Психологія', 'залік', 4, 'Зв’язків із громадськістю', null);
INSERT INTO   COURSE (name, outcome, credits, department_name, precondition_course) VALUES ('Психологія дитини	', 'іспит', 2, 'Психології та педагогіки', null);
INSERT INTO   COURSE (name, outcome, credits, department_name, precondition_course) VALUES ('Психологія людини', 'залік', 5, 'Охорони здоров’я', null);
INSERT INTO   COURSE (name, outcome, credits, department_name, precondition_course) VALUES ('Психологія ситуативних питань', 'залік', 4, 'Психології та педагогіки', null);
INSERT INTO   COURSE (name, outcome, credits, department_name, precondition_course) VALUES ('Психологія соціальної поведінки', 'залік', 5, 'Соціальної роботи ім. професора Володимира Полтавця', null);
INSERT INTO   COURSE (name, outcome, credits, department_name, precondition_course) VALUES ('Психологія спілкування	залік', 'іспит', 3, 'Психології та педагогіки', null);
INSERT INTO   COURSE (name, outcome, credits, department_name, precondition_course) VALUES ('Психологія та педагогіка', 'залік', 3, 'Зв’язків із громадськістю', null);
INSERT INTO   COURSE (name, outcome, credits, department_name, precondition_course) VALUES ('Рекламний менеджмент', 'залік', 3, 'Маркетингу та управління бізнесом
', null);
INSERT INTO   COURSE (name, outcome, credits, department_name, precondition_course) VALUES ('Релігієзнавство', 'залік', 3, 'Філософії та релігієзнавства', null);
INSERT INTO   COURSE (name, outcome, credits, department_name, precondition_course) VALUES ('Системи прийняття рішень', 'залік', 5, 'Математики
', null);
INSERT INTO   COURSE (name, outcome, credits, department_name, precondition_course) VALUES ('Системи та методи штучного інтелекту', 'іспит', 3, 'Мультимедійних систем', null);
INSERT INTO   COURSE (name, outcome, credits, department_name, precondition_course) VALUES ('Сімейне право', 'іспит', 2, 'Галузевих правових наук
', null);
INSERT INTO   COURSE (name, outcome, credits, department_name, precondition_course) VALUES ('Соціальна антропологія', 'залік', 5, 'Соціології', null);
INSERT INTO   COURSE (name, outcome, credits, department_name, precondition_course) VALUES ('Соціальна політика', 'іспит', 3, 'Школа журналістики', null);
INSERT INTO   COURSE (name, outcome, credits, department_name, precondition_course) VALUES ('Соціолінгвістика', 'іспит', 3, 'Української мови
', null);
INSERT INTO   COURSE (name, outcome, credits, department_name, precondition_course) VALUES ('Старослов''янське мовознавство', 'залік', 2, 'Загального та слов''янського мовознавства', null);
INSERT INTO   COURSE (name, outcome, credits, department_name, precondition_course) VALUES ('Суспільно-політичні рухи', 'залік', 4, 'Політології', null);
INSERT INTO   COURSE (name, outcome, credits, department_name, precondition_course) VALUES ('Теорії соціальної роботи', 'іспит', 2, 'Школа журналістики', null);
INSERT INTO   COURSE (name, outcome, credits, department_name, precondition_course) VALUES ('Теорія еволюції', 'іспит', 2, 'Біології
', null);
INSERT INTO   COURSE (name, outcome, credits, department_name, precondition_course) VALUES ('Теорія ймовірності і математична статистика', 'іспит', 4, 'Математики
', null);
INSERT INTO   COURSE (name, outcome, credits, department_name, precondition_course) VALUES ('Теорія літератури', 'залік', 3, 'Літературознавства', null);
INSERT INTO   COURSE (name, outcome, credits, department_name, precondition_course) VALUES ('Теорія функцій комплексної змінної', 'іспит', 2, 'Лабораторної діагностики біологічних систем', null);
INSERT INTO   COURSE (name, outcome, credits, department_name, precondition_course) VALUES ('Технологія підготовки наукової роботи', 'залік', 4, 'Соціальної роботи ім. професора Володимира Полтавця', null);
INSERT INTO   COURSE (name, outcome, credits, department_name, precondition_course) VALUES ('Трудове право', 'залік', 4, 'Галузевих правових наук
', null);
INSERT INTO   COURSE (name, outcome, credits, department_name, precondition_course) VALUES ('Українська діалектологія', 'залік', 5, 'Української мови
', null);
INSERT INTO   COURSE (name, outcome, credits, department_name, precondition_course) VALUES ('Українська література', 'іспит', 5, 'Літературознавства', null);
INSERT INTO   COURSE (name, outcome, credits, department_name, precondition_course) VALUES ('Українська мова', 'іспит', 2, 'Української мови
', null);
INSERT INTO   COURSE (name, outcome, credits, department_name, precondition_course) VALUES ('Управління якістю на підприємстві', 'іспит', 3, 'Охорони здоров’я', null);
INSERT INTO   COURSE (name, outcome, credits, department_name, precondition_course) VALUES ('Фізичне виховання', 'іспит', 2, 'Фізичного виховання', null);
INSERT INTO   COURSE (name, outcome, credits, department_name, precondition_course) VALUES ('Філософія господарства', 'іспит', 4, 'Філософії та релігієзнавства', null);
INSERT INTO   COURSE (name, outcome, credits, department_name, precondition_course) VALUES ('Фінанси', 'іспит', 5, 'Фінансів', null);
INSERT INTO   COURSE (name, outcome, credits, department_name, precondition_course) VALUES ('Футбол', 'залік', 3, 'Фізичного виховання', null);
INSERT INTO   COURSE (name, outcome, credits, department_name, precondition_course) VALUES ('Юридичний практикум', 'залік', 3, 'Жана Моне з права Європейського Союзу', null);





INSERT INTO  DEPARTMENT (name, aud) VALUES ('Літературознавства', '1-101');
INSERT INTO  DEPARTMENT (name, aud) VALUES ('Української мови
', '1-102');
INSERT INTO  DEPARTMENT (name, aud) VALUES ('Англійської мови
', '1-103');
INSERT INTO  DEPARTMENT (name, aud) VALUES ('Загального та слов''янського мовознавства', '1-104');
INSERT INTO  DEPARTMENT (name, aud) VALUES ('Економічної теорії', '1-105');
INSERT INTO  DEPARTMENT (name, aud) VALUES ('Маркетингу та управління бізнесом
', '1-106');
INSERT INTO  DEPARTMENT (name, aud) VALUES ('Інформатики
', '1-107');
INSERT INTO  DEPARTMENT (name, aud) VALUES ('Мережних технологій', '1-108');
INSERT INTO  DEPARTMENT (name, aud) VALUES ('Загальнотеоретичних та державно-правових наук', '1-109');
INSERT INTO  DEPARTMENT (name, aud) VALUES ('Жана Моне з права Європейського Союзу', '1-110');
INSERT INTO  DEPARTMENT (name, aud) VALUES ('Біології
', '2-201');
INSERT INTO  DEPARTMENT (name, aud) VALUES ('Хімії', '2-202');
INSERT INTO  DEPARTMENT (name, aud) VALUES ('Лабораторної діагностики біологічних систем', '2-203');
INSERT INTO  DEPARTMENT (name, aud) VALUES ('Зв’язків із громадськістю', '2-204');
INSERT INTO  DEPARTMENT (name, aud) VALUES ('Охорони здоров’я', '2-205');
INSERT INTO  DEPARTMENT (name, aud) VALUES ('Соціології', '2-206');
INSERT INTO  DEPARTMENT (name, aud) VALUES ('Школа журналістики', '2-207');
INSERT INTO  DEPARTMENT (name, aud) VALUES ('Культурології', '2-208');
INSERT INTO  DEPARTMENT (name, aud) VALUES ('Філософії та релігієзнавства', '2-209');
INSERT INTO  DEPARTMENT (name, aud) VALUES ('Археології', '2-210');
INSERT INTO  DEPARTMENT (name, aud) VALUES ('Історії', '3-301');
INSERT INTO  DEPARTMENT (name, aud) VALUES ('Фінансів', '3-302');
INSERT INTO  DEPARTMENT (name, aud) VALUES ('Мультимедійних систем', '3-303');
INSERT INTO  DEPARTMENT (name, aud) VALUES ('Математики
', '3-304');
INSERT INTO  DEPARTMENT (name, aud) VALUES ('Міжнародного права і спеціальних правових наук', '3-305');
INSERT INTO  DEPARTMENT (name, aud) VALUES ('Галузевих правових наук
', '3-306');
INSERT INTO  DEPARTMENT (name, aud) VALUES ('Експериментальна навчальна лабораторія «Правнича клініка»', '3-307');
INSERT INTO  DEPARTMENT (name, aud) VALUES ('Екології', '3-308');
INSERT INTO  DEPARTMENT (name, aud) VALUES ('Фізико-математичних наук
', '3-309');
INSERT INTO  DEPARTMENT (name, aud) VALUES ('Фізичного виховання', '3-310');
INSERT INTO  DEPARTMENT (name, aud) VALUES ('Психології та педагогіки', '4-101');
INSERT INTO  DEPARTMENT (name, aud) VALUES ('Політології', '4-102');
INSERT INTO  DEPARTMENT (name, aud) VALUES ('Соціальної роботи ім. професора Володимира Полтавця', '4-103');


INSERT INTO  TEACHER (name, department_name) VALUES ('Моренець Володимир Пилипович', 'Літературознавства');
INSERT INTO  TEACHER (name, department_name) VALUES ('Агеєва Віра Павлівна', 'Літературознавства');
INSERT INTO  TEACHER (name, department_name) VALUES ('Демська-Будзуляк Леся Мар’янівна', 'Літературознавства');
INSERT INTO  TEACHER (name, department_name) VALUES ('Іванюк Сергій Семенович', 'Літературознавства');
INSERT INTO  TEACHER (name, department_name) VALUES ('Жодані Ірина Михайлівна', 'Літературознавства');
INSERT INTO  TEACHER (name, department_name) VALUES ('Гомілко Ольга Євгенівна', 'Філософії та релігієзнавства');
INSERT INTO  TEACHER (name, department_name) VALUES ('Йосипенко Сергій Львович', 'Філософії та релігієзнавства');
INSERT INTO  TEACHER (name, department_name) VALUES ('Головащенко Сергій Іванович', 'Філософії та релігієзнавства');
INSERT INTO  TEACHER (name, department_name) VALUES ('Менжулін Вадим Ігорович', 'Філософії та релігієзнавства');
INSERT INTO  TEACHER (name, department_name) VALUES ('Гомілко Ольга Євгенівна	', 'Філософії та релігієзнавства');
INSERT INTO  TEACHER (name, department_name) VALUES ('Йосипенко Сергій Львович', 'Філософії та релігієзнавства');
INSERT INTO  TEACHER (name, department_name) VALUES ('Головащенко Сергій Іванович', 'Філософії та релігієзнавства');
INSERT INTO  TEACHER (name, department_name) VALUES ('Богачов Андрій Леонідович', 'Філософії та релігієзнавства');
INSERT INTO  TEACHER (name, department_name) VALUES ('Собуцький Михайло Анатолійович', 'Культурології');
INSERT INTO  TEACHER (name, department_name) VALUES ('Петренко Олена Георгіївна', 'Культурології');
INSERT INTO  TEACHER (name, department_name) VALUES ('Степук Петро Семенович', 'Культурології');
INSERT INTO  TEACHER (name, department_name) VALUES ('Сіраш Ірина Василівна', 'Культурології');
INSERT INTO  TEACHER (name, department_name) VALUES ('Петренко Олена Георгіївна', 'Літературознавства');
INSERT INTO  TEACHER (name, department_name) VALUES ('Павлов Сергій Степанович', 'Економічної теорії');
INSERT INTO  TEACHER (name, department_name) VALUES ('Зимовець Владислав Вікторович', 'Економічної теорії');
INSERT INTO  TEACHER (name, department_name) VALUES ('Григор’єв Геннадій Степанович', 'Економічної теорії');
INSERT INTO  TEACHER (name, department_name) VALUES ('Бакланова Олена Григорівна', 'Економічної теорії');
INSERT INTO  TEACHER (name, department_name) VALUES ('Андрощук Геннадій Олександрович', 'Економічної теорії');
INSERT INTO  TEACHER (name, department_name) VALUES ('Зварич Ольга Володимирівна', 'Фінансів');
INSERT INTO  TEACHER (name, department_name) VALUES ('Сєміколєнова Світлана Вікторівна', 'Фінансів');
INSERT INTO  TEACHER (name, department_name) VALUES ('Дяковський Дмитро Анатолійович', 'Фінансів');
INSERT INTO  TEACHER (name, department_name) VALUES ('Шпортюк Володимир Григорович', 'Фінансів');
INSERT INTO  TEACHER (name, department_name) VALUES ('Глущенко Світлана Василівна', 'Фінансів');
INSERT INTO  TEACHER (name, department_name) VALUES ('Мазін Дмитро Михайлович', 'Англійської мови
');
INSERT INTO  TEACHER (name, department_name) VALUES ('Мірошніченко Ірина Володимирівна', 'Англійської мови
');
INSERT INTO  TEACHER (name, department_name) VALUES ('Василькова Ірина Михайлівна', 'Англійської мови
');
INSERT INTO  TEACHER (name, department_name) VALUES ('Бадьйор Наталія Борисівна', 'Англійської мови
');
INSERT INTO  TEACHER (name, department_name) VALUES ('Гусар Мальвіна Вікторівна', 'Англійської мови
');
INSERT INTO  TEACHER (name, department_name) VALUES ('Кухарчук Юрій Васильович', 'Археології');
INSERT INTO  TEACHER (name, department_name) VALUES ('Скиба Андрій Володимирович', 'Археології');
INSERT INTO  TEACHER (name, department_name) VALUES ('Сушко Аліна Олександрівна', 'Археології');
INSERT INTO  TEACHER (name, department_name) VALUES ('Буйських Алла Валеріївна', 'Археології');
INSERT INTO  TEACHER (name, department_name) VALUES ('Клочко Віктор Іванович', 'Археології');
INSERT INTO  TEACHER (name, department_name) VALUES ('Шліхта Наталія Василівна', 'Історії');
INSERT INTO  TEACHER (name, department_name) VALUES ('Надтока Олександр Олександрович', 'Історії');
INSERT INTO  TEACHER (name, department_name) VALUES ('Довженко Надія Дмитрівна', 'Історії');
INSERT INTO  TEACHER (name, department_name) VALUES ('Горін Сергій Миколайович', 'Історії');
INSERT INTO  TEACHER (name, department_name) VALUES ('Бажан Олег Григорович', 'Історії');
INSERT INTO  TEACHER (name, department_name) VALUES ('Тимошенко Катерина В’ячеславівна', 'Загального та слов''янського мовознавства');
INSERT INTO  TEACHER (name, department_name) VALUES ('Лучик Василь Вікторович ', 'Загального та слов''янського мовознавства');
INSERT INTO  TEACHER (name, department_name) VALUES ('Богачова Оксана Степанівна 	', 'Загального та слов''янського мовознавства');
INSERT INTO  TEACHER (name, department_name) VALUES ('Кузарчук Олена Петрівна', 'Загального та слов''янського мовознавства');
INSERT INTO  TEACHER (name, department_name) VALUES ('Гусарь Валентина Олегівна', 'Загального та слов''янського мовознавства');
INSERT INTO  TEACHER (name, department_name) VALUES ('Гуменна Олександра Віталіївна', 'Маркетингу та управління бізнесом
');
INSERT INTO  TEACHER (name, department_name) VALUES ('Гриджук Ірина Анатоліївна', 'Маркетингу та управління бізнесом
');
INSERT INTO  TEACHER (name, department_name) VALUES ('Пан Лілія Володимирівна', 'Маркетингу та управління бізнесом
');
INSERT INTO  TEACHER (name, department_name) VALUES ('Пічик Катерина Валеріївна', 'Маркетингу та управління бізнесом
');
INSERT INTO  TEACHER (name, department_name) VALUES ('Романченко Наталя Володимирівна	', 'Маркетингу та управління бізнесом
');
INSERT INTO  TEACHER (name, department_name) VALUES ('Тодор Олена Григорівна', 'Української мови
');
INSERT INTO  TEACHER (name, department_name) VALUES ('Кадочнікова Олена Петрівна', 'Української мови
');
INSERT INTO  TEACHER (name, department_name) VALUES ('Калиновська Оксана В''ячеславівна', 'Української мови
');
INSERT INTO  TEACHER (name, department_name) VALUES ('Демська Орися Мар''янівна	', 'Української мови
');
INSERT INTO  TEACHER (name, department_name) VALUES ('Дика Людмила Василівна', 'Української мови
');
INSERT INTO  TEACHER (name, department_name) VALUES ('Ковальчук Микола Григорович', 'Школа журналістики');
INSERT INTO  TEACHER (name, department_name) VALUES ('Панін Юрій Олександрович	', 'Школа журналістики');
INSERT INTO  TEACHER (name, department_name) VALUES ('Тарадай Дар`я Петрівна', 'Школа журналістики');
INSERT INTO  TEACHER (name, department_name) VALUES ('Петрова Наталія Іванівна', 'Школа журналістики');
INSERT INTO  TEACHER (name, department_name) VALUES ('Квіт Сергій Миронович	', 'Школа журналістики');
INSERT INTO  TEACHER (name, department_name) VALUES ('Гусак Наталія Євгеніївна', 'Соціальної роботи ім. професора Володимира Полтавця');
INSERT INTO  TEACHER (name, department_name) VALUES ('Дума Лілія Петрівна', 'Соціальної роботи ім. професора Володимира Полтавця');
INSERT INTO  TEACHER (name, department_name) VALUES ('Дмитришина Наталія Анатоліївн', 'Соціальної роботи ім. професора Володимира Полтавця');
INSERT INTO  TEACHER (name, department_name) VALUES ('Бондар Вікторія Семенівна', 'Соціології');
INSERT INTO  TEACHER (name, department_name) VALUES ('Виноградов Олександр Геннадійович	', 'Соціології');
INSERT INTO  TEACHER (name, department_name) VALUES ('Костюченко Тетяна Сергіївна', 'Соціології');
INSERT INTO  TEACHER (name, department_name) VALUES ('Хмелько Валерій Євгенович	', 'Соціології');
INSERT INTO  TEACHER (name, department_name) VALUES ('Марценюк Тамара Олегівна', 'Соціології');
INSERT INTO  TEACHER (name, department_name) VALUES ('Гриценко Анатолій Степанович', 'Політології');
INSERT INTO  TEACHER (name, department_name) VALUES ('Зубрицька Людмила Йосипівна ', 'Політології');
INSERT INTO  TEACHER (name, department_name) VALUES ('Гарань Олексій Васильович ', 'Політології');
INSERT INTO  TEACHER (name, department_name) VALUES ('Голіченко Тетяна Самійлівна', 'Політології');
INSERT INTO  TEACHER (name, department_name) VALUES ('Кисельов Сергій Олегович', 'Політології');
INSERT INTO  TEACHER (name, department_name) VALUES ('Юрочко Тетяна Петрівна', 'Охорони здоров’я');
INSERT INTO  TEACHER (name, department_name) VALUES ('Петренко Олег Едуардович', 'Охорони здоров’я');
INSERT INTO  TEACHER (name, department_name) VALUES ('Міхнова Тетяна Андріївна', 'Охорони здоров’я');
INSERT INTO  TEACHER (name, department_name) VALUES ('Степурко Тетяна Георгіївна', 'Охорони здоров’я');
INSERT INTO  TEACHER (name, department_name) VALUES ('Яковлєв Максим Володимирович', 'Охорони здоров’я');
INSERT INTO  TEACHER (name, department_name) VALUES ('Яковенко Ольга Валентинівна', 'Психології та педагогіки');
INSERT INTO  TEACHER (name, department_name) VALUES ('Чернобровкін Володимир Миколайович', 'Психології та педагогіки');
INSERT INTO  TEACHER (name, department_name) VALUES ('Гірник Андрій Миколайович	', 'Психології та педагогіки');
INSERT INTO  TEACHER (name, department_name) VALUES ('Брик Оксана Михайлівна', 'Психології та педагогіки');
INSERT INTO  TEACHER (name, department_name) VALUES ('Богданов Сергій Олександрович', 'Психології та педагогіки');
INSERT INTO  TEACHER (name, department_name) VALUES ('Костенко Світлана Семенівна', 'Зв’язків із громадськістю');
INSERT INTO  TEACHER (name, department_name) VALUES ('Власюк Ольга Ярославівна', 'Зв’язків із громадськістю');
INSERT INTO  TEACHER (name, department_name) VALUES ('Боднар Алла Яківна', 'Зв’язків із громадськістю');
INSERT INTO  TEACHER (name, department_name) VALUES ('Дзера Ірина Олександрівна	', 'Фізичного виховання');
INSERT INTO  TEACHER (name, department_name) VALUES ('роцька Анастасія Володимирівна', 'Фізичного виховання');
INSERT INTO  TEACHER (name, department_name) VALUES ('Гордієнко Леонід В’ячеславович', 'Фізичного виховання');
INSERT INTO  TEACHER (name, department_name) VALUES ('Козубей Петро Сидорович', 'Фізичного виховання');
INSERT INTO  TEACHER (name, department_name) VALUES ('Фесак Олександр Олександрович ', 'Фізичного виховання');
INSERT INTO  TEACHER (name, department_name) VALUES ('Горборуков Віктор Михайлович', 'Лабораторної діагностики біологічних систем');
INSERT INTO  TEACHER (name, department_name) VALUES ('Максименко Василь Васильович ', 'Лабораторної діагностики біологічних систем');
INSERT INTO  TEACHER (name, department_name) VALUES ('Чапля Ольга Володимирівна', 'Лабораторної діагностики біологічних систем');
INSERT INTO  TEACHER (name, department_name) VALUES ('Білько Надія Михайлівна', 'Лабораторної діагностики біологічних систем');
INSERT INTO  TEACHER (name, department_name) VALUES ('Руссу Ірина Зіновіївна	', 'Лабораторної діагностики біологічних систем');
INSERT INTO  TEACHER (name, department_name) VALUES ('Безвершенко Юлія Василівна', 'Фізико-математичних наук
');
INSERT INTO  TEACHER (name, department_name) VALUES ('Мельник Руслан Михайлович', 'Фізико-математичних наук
');
INSERT INTO  TEACHER (name, department_name) VALUES ('Єршов Костянтин Васильович ', 'Фізико-математичних наук
');
INSERT INTO  TEACHER (name, department_name) VALUES ('Енольський Віктор Зелікович ', 'Фізико-математичних наук
');
INSERT INTO  TEACHER (name, department_name) VALUES ('Бернацька Юлія Миколаївна	', 'Фізико-математичних наук
');
INSERT INTO  TEACHER (name, department_name) VALUES ('Коновалова Вікторія Валеріївна', 'Хімії');
INSERT INTO  TEACHER (name, department_name) VALUES ('Стрижак Петро Євгенович ', 'Хімії');
INSERT INTO  TEACHER (name, department_name) VALUES ('Забава Луція Казимирівна', 'Хімії');
INSERT INTO  TEACHER (name, department_name) VALUES ('Джоджик Олег Ярославович', 'Хімії');
INSERT INTO  TEACHER (name, department_name) VALUES ('Бурбан Анатолій Флавіанович', 'Хімії');
INSERT INTO  TEACHER (name, department_name) VALUES ('Козак Олена Міланівна', 'Біології
');
INSERT INTO  TEACHER (name, department_name) VALUES ('Теличко Ольга Валентинівна', 'Біології
');
INSERT INTO  TEACHER (name, department_name) VALUES ('Пашков Анатолій Павлович	', 'Біології
');
INSERT INTO  TEACHER (name, department_name) VALUES ('Фокін Андрій Володимирович', 'Біології
');
INSERT INTO  TEACHER (name, department_name) VALUES ('Чорнобук Людмила Володимирівна', 'Біології
');
INSERT INTO  TEACHER (name, department_name) VALUES ('Мартиненко Вікторія Сергіївна ', 'Екології');
INSERT INTO  TEACHER (name, department_name) VALUES ('Коротченко Ірина Андріївна', 'Екології');
INSERT INTO  TEACHER (name, department_name) VALUES ('Донченко Георгій Вікторович ', 'Екології');
INSERT INTO  TEACHER (name, department_name) VALUES ('Білько Надія Михайлівна', 'Екології');
INSERT INTO  TEACHER (name, department_name) VALUES ('Терновська Тамара Костянтинівна', 'Екології');
INSERT INTO  TEACHER (name, department_name) VALUES ('Хворостянкіна Анна Василівна', 'Жана Моне з права Європейського Союзу');
INSERT INTO  TEACHER (name, department_name) VALUES ('Кисельова Тетяна Сергіївна', 'Жана Моне з права Європейського Союзу');
INSERT INTO  TEACHER (name, department_name) VALUES ('Петров Роман Арестович', 'Жана Моне з права Європейського Союзу');
INSERT INTO  TEACHER (name, department_name) VALUES ('Петров Роман Арестович', 'Галузевих правових наук
');
INSERT INTO  TEACHER (name, department_name) VALUES ('Кисельова Тетяна Сергіївна', 'Галузевих правових наук
');
INSERT INTO  TEACHER (name, department_name) VALUES ('Абрамов Ярослав Володимирович', 'Галузевих правових наук
');
INSERT INTO  TEACHER (name, department_name) VALUES ('Ханик-Посполітак Роксолана Юріївна', 'Галузевих правових наук
');
INSERT INTO  TEACHER (name, department_name) VALUES ('Дзера Ірина Олександрівна', 'Галузевих правових наук
');
INSERT INTO  TEACHER (name, department_name) VALUES ('Лобач Ольга Михайлівна', 'Загальнотеоретичних та державно-правових наук');
INSERT INTO  TEACHER (name, department_name) VALUES ('Іщенко Юрій Вікторович', 'Загальнотеоретичних та державно-правових наук');
INSERT INTO  TEACHER (name, department_name) VALUES ('Козюбра Микола Іванович', 'Загальнотеоретичних та державно-правових наук');
INSERT INTO  TEACHER (name, department_name) VALUES ('Афонін Андрій Олександрович', 'Мультимедійних систем');
INSERT INTO  TEACHER (name, department_name) VALUES ('Борозенний Сергій Олександрович', 'Мультимедійних систем');
INSERT INTO  TEACHER (name, department_name) VALUES ('Олецький Олексій Віталійович', 'Мультимедійних систем');
INSERT INTO  TEACHER (name, department_name) VALUES ('Вовк Наталія Євгенівна', 'Мультимедійних систем');
INSERT INTO  TEACHER (name, department_name) VALUES ('Ковальський Ігор Петрович', 'Мультимедійних систем');
INSERT INTO  TEACHER (name, department_name) VALUES ('Гломозда Дмитро Костянтинович', 'Інформатики
');
INSERT INTO  TEACHER (name, department_name) VALUES ('Гулаєва Наталія Михайлівна	Інформатики', 'Інформатики
');
INSERT INTO  TEACHER (name, department_name) VALUES ('Тригуб Олександр Семенович', 'Інформатики
');
INSERT INTO  TEACHER (name, department_name) VALUES ('Франчук Олег Васильович', 'Інформатики
');
INSERT INTO  TEACHER (name, department_name) VALUES ('Шабінський Антон Сергійович', 'Інформатики
');
INSERT INTO  TEACHER (name, department_name) VALUES ('Братик Михайло Васильович', 'Математики
');
INSERT INTO  TEACHER (name, department_name) VALUES ('Захарійченко Юрій Олексійович', 'Математики
');
INSERT INTO  TEACHER (name, department_name) VALUES ('Кашпіровський Олексій Іванович	', 'Математики
');
INSERT INTO  TEACHER (name, department_name) VALUES ('Митник Юрій Васильович', 'Математики
');
INSERT INTO  TEACHER (name, department_name) VALUES ('Чорней Руслан Костянтинович', 'Математики
');
INSERT INTO  TEACHER (name, department_name) VALUES ('Проценко Володимер Семенович ', 'Мережних технологій');
INSERT INTO  TEACHER (name, department_name) VALUES ('Глибовець Андрій Миколайович	', 'Мережних технологій');
INSERT INTO  TEACHER (name, department_name) VALUES ('Кислоокий Володимир Микитович	', 'Мережних технологій');
INSERT INTO  TEACHER (name, department_name) VALUES ('Черкасов Дмитро Іванович', 'Мережних технологій');
INSERT INTO  TEACHER (name, department_name) VALUES ('Яловець Андрій Леонідович', 'Мережних технологій');
INSERT INTO  TEACHER (name, department_name) VALUES ('Василенко Володимир Андрійович', 'Міжнародного права і спеціальних правових наук');
INSERT INTO  TEACHER (name, department_name) VALUES ('Проценко Діана Василівна	', 'Міжнародного права і спеціальних правових наук');
INSERT INTO  TEACHER (name, department_name) VALUES ('Курінний Олексій Вікторович', 'Міжнародного права і спеціальних правових наук');
INSERT INTO  TEACHER (name, department_name) VALUES ('Крахмальова Катерина Олексіївна', 'Міжнародного права і спеціальних правових наук');
INSERT INTO  TEACHER (name, department_name) VALUES ('Антонович Мирослава Михайлівна	', 'Міжнародного права і спеціальних правових наук');

INSERT INTO  TGROUP (id, year, term, number, professor_id, course_name) VALUES (1, 1, '6', 1, 1, 'Актуальні проблеми історико-філософського пізнання');
INSERT INTO  TGROUP (id, year, term, number, professor_id, course_name) VALUES (2, 2, '5', 2, 11, 'Актуальні проблеми менеджменту та маркетингу');
INSERT INTO  TGROUP (id, year, term, number, professor_id, course_name) VALUES (3, 3, '4', 3, 21, 'Американська велика проза XX ст.');
INSERT INTO  TGROUP (id, year, term, number, professor_id, course_name) VALUES (4, 4, '3', 4, 31, 'Аналіз функцій багатьох змінних');
INSERT INTO  TGROUP (id, year, term, number, professor_id, course_name) VALUES (5, 5, '2', 1, 41, 'Аналітична хімія');
INSERT INTO  TGROUP (id, year, term, number, professor_id, course_name) VALUES (6, 6, '1', 2, 51, 'Англійська мова');
INSERT INTO  TGROUP (id, year, term, number, professor_id, course_name) VALUES (7, 1, '6', 3, 61, 'Англійська мова (за професійним спрямуванням)	');
INSERT INTO  TGROUP (id, year, term, number, professor_id, course_name) VALUES (8, 2, '5', 4, 71, 'Архітектура мікропроцесорів');
INSERT INTO  TGROUP (id, year, term, number, professor_id, course_name) VALUES (9, 3, '4', 1, 81, 'Баскетбол');
INSERT INTO  TGROUP (id, year, term, number, professor_id, course_name) VALUES (10, 4, '3', 2, 91, 'Безпека життєдіяльності');
INSERT INTO  TGROUP (id, year, term, number, professor_id, course_name) VALUES (11, 5, '2', 3, 101, 'Бізнес планування');
INSERT INTO  TGROUP (id, year, term, number, professor_id, course_name) VALUES (12, 6, '1', 4, 111, 'Біоорганічна хімія');
INSERT INTO  TGROUP (id, year, term, number, professor_id, course_name) VALUES (13, 1, '6', 1, 121, 'Бухгалтерія');
INSERT INTO  TGROUP (id, year, term, number, professor_id, course_name) VALUES (14, 2, '5', 2, 131, 'Вимова');
INSERT INTO  TGROUP (id, year, term, number, professor_id, course_name) VALUES (15, 3, '4', 3, 141, 'Вирішення конфліктних ситуацій	');
INSERT INTO  TGROUP (id, year, term, number, professor_id, course_name) VALUES (16, 4, '3', 4, 151, 'Вища математика');
INSERT INTO  TGROUP (id, year, term, number, professor_id, course_name) VALUES (17, 5, '2', 1, 161, 'Волейбол');
INSERT INTO  TGROUP (id, year, term, number, professor_id, course_name) VALUES (18, 6, '1', 2, 221, 'Врегулювання стану людини');
INSERT INTO  TGROUP (id, year, term, number, professor_id, course_name) VALUES (19, 1, '6', 3, 251, 'Вступ до відеовиробництва');
INSERT INTO  TGROUP (id, year, term, number, professor_id, course_name) VALUES (20, 2, '5', 4, 261, 'Вступ до медичних знань');
INSERT INTO  TGROUP (id, year, term, number, professor_id, course_name) VALUES (21, 3, '4', 1, 271, 'Демографія');
INSERT INTO  TGROUP (id, year, term, number, professor_id, course_name) VALUES (22, 4, '3', 2, 281, 'Екологічне право');
INSERT INTO  TGROUP (id, year, term, number, professor_id, course_name) VALUES (23, 5, '2', 3, 291, 'Екологія');
INSERT INTO  TGROUP (id, year, term, number, professor_id, course_name) VALUES (24, 6, '1', 4, 301, 'Екологія людини');
INSERT INTO  TGROUP (id, year, term, number, professor_id, course_name) VALUES (25, 1, '6', 1, 311, 'Екологія міських систем');
INSERT INTO  TGROUP (id, year, term, number, professor_id, course_name) VALUES (26, 2, '5', 2, 321, 'Економічна історія');
INSERT INTO  TGROUP (id, year, term, number, professor_id, course_name) VALUES (27, 3, '4', 3, 331, 'Електрика та магнетизм');
INSERT INTO  TGROUP (id, year, term, number, professor_id, course_name) VALUES (28, 4, '3', 4, 341, 'Ендокринологія');
INSERT INTO  TGROUP (id, year, term, number, professor_id, course_name) VALUES (29, 5, '2', 1, 361, 'Журналістська етика');
INSERT INTO  TGROUP (id, year, term, number, professor_id, course_name) VALUES (30, 6, '1', 1, 371, 'Загальна соціологія');
INSERT INTO  TGROUP (id, year, term, number, professor_id, course_name) VALUES (31, 1, '6', 2, 381, 'Загальне мовознавство в літературі');
INSERT INTO  TGROUP (id, year, term, number, professor_id, course_name) VALUES (32, 2, '5', 3, 391, 'Зоологія безхребетних');
INSERT INTO  TGROUP (id, year, term, number, professor_id, course_name) VALUES (33, 3, '4', 4, 401, 'Інтелектуальна власність');
INSERT INTO  TGROUP (id, year, term, number, professor_id, course_name) VALUES (34, 4, '3', 1, 411, 'Інформаційні технології');
INSERT INTO  TGROUP (id, year, term, number, professor_id, course_name) VALUES (35, 5, '2', 2, 421, 'Історична антропологія України');
INSERT INTO  TGROUP (id, year, term, number, professor_id, course_name) VALUES (36, 6, '1', 3, 431, 'Історія економічних вчень');
INSERT INTO  TGROUP (id, year, term, number, professor_id, course_name) VALUES (37, 1, '6', 4, 441, 'Історія кіно	');
INSERT INTO  TGROUP (id, year, term, number, professor_id, course_name) VALUES (38, 2, '5', 1, 451, 'Історія політико-правових вчень');
INSERT INTO  TGROUP (id, year, term, number, professor_id, course_name) VALUES (39, 3, '4', 2, 461, 'Історія природознавства');
INSERT INTO  TGROUP (id, year, term, number, professor_id, course_name) VALUES (40, 4, '3', 3, 471, 'Історія соціології
');
INSERT INTO  TGROUP (id, year, term, number, professor_id, course_name) VALUES (41, 5, '2', 4, 481, 'Історія України');
INSERT INTO  TGROUP (id, year, term, number, professor_id, course_name) VALUES (42, 6, '1', 1, 491, 'Історія української культури');
INSERT INTO  TGROUP (id, year, term, number, professor_id, course_name) VALUES (43, 1, '6', 2, 501, 'Історія Центрально-Східної Європи');
INSERT INTO  TGROUP (id, year, term, number, professor_id, course_name) VALUES (44, 3, '4', 4, 521, 'Київська Русь та її сусіди');
INSERT INTO  TGROUP (id, year, term, number, professor_id, course_name) VALUES (45, 2, '5', 3, 511, 'Йога');
INSERT INTO  TGROUP (id, year, term, number, professor_id, course_name) VALUES (46, 4, '3', 1, 531, 'Клінічна ензимологія і ензимодіагностика');
INSERT INTO  TGROUP (id, year, term, number, professor_id, course_name) VALUES (47, 5, '2', 2, 541, 'Клітинні технології в трансплантації');
INSERT INTO  TGROUP (id, year, term, number, professor_id, course_name) VALUES (48, 6, '1', 3, 551, 'Ключові проблеми стародавньої історії України');
INSERT INTO  TGROUP (id, year, term, number, professor_id, course_name) VALUES (49, 1, '6', 4, 561, 'Колоїдна хімія');
INSERT INTO  TGROUP (id, year, term, number, professor_id, course_name) VALUES (50, 2, '5', 1, 571, 'Комп`ютерні аналітичні програми');
INSERT INTO  TGROUP (id, year, term, number, professor_id, course_name) VALUES (51, 3, '4', 2, 581, 'Конституційне право України');
INSERT INTO  TGROUP (id, year, term, number, professor_id, course_name) VALUES (52, 4, '3', 3, 591, 'Країнознавство');
INSERT INTO  TGROUP (id, year, term, number, professor_id, course_name) VALUES (53, 5, '2', 4, 601, 'Криміналістика');
INSERT INTO  TGROUP (id, year, term, number, professor_id, course_name) VALUES (54, 6, '1', 1, 611, 'Критичне читання');
INSERT INTO  TGROUP (id, year, term, number, professor_id, course_name) VALUES (55, 1, '6', 2, 621, 'Культурологія');
INSERT INTO  TGROUP (id, year, term, number, professor_id, course_name) VALUES (56, 2, '5', 3, 631, 'Логіка');
INSERT INTO  TGROUP (id, year, term, number, professor_id, course_name) VALUES (57, 3, '4', 4, 641, 'Логіка соціологічного дослідження');
INSERT INTO  TGROUP (id, year, term, number, professor_id, course_name) VALUES (58, 4, '3', 1, 651, 'Локальні мережі');
INSERT INTO  TGROUP (id, year, term, number, professor_id, course_name) VALUES (59, 5, '2', 2, 661, 'Макроекономіка');
INSERT INTO  TGROUP (id, year, term, number, professor_id, course_name) VALUES (60, 6, '1', 3, 671, 'Маркетинг інновацій');
INSERT INTO  TGROUP (id, year, term, number, professor_id, course_name) VALUES (61, 1, '6', 4, 681, 'Менеджмент людських ресурсів');
INSERT INTO  TGROUP (id, year, term, number, professor_id, course_name) VALUES (62, 2, '5', 1, 691, 'Мерчендайзинг');
INSERT INTO  TGROUP (id, year, term, number, professor_id, course_name) VALUES (63, 3, '4', 2, 701, 'Методика викладання англійської мови');
INSERT INTO  TGROUP (id, year, term, number, professor_id, course_name) VALUES (64, 4, '3', 3, 711, 'Механіка');
INSERT INTO  TGROUP (id, year, term, number, professor_id, course_name) VALUES (65, 5, '2', 4, 721, 'Міжнародна економіка');
INSERT INTO  TGROUP (id, year, term, number, professor_id, course_name) VALUES (66, 6, '1', 1, 731, 'Міжнародний маркетинг');
INSERT INTO  TGROUP (id, year, term, number, professor_id, course_name) VALUES (67, 1, '6', 2, 741, 'Міжнародний менеджмент та маркетинг');
INSERT INTO  TGROUP (id, year, term, number, professor_id, course_name) VALUES (68, 2, '5', 3, 751, 'Мікробіологія');
INSERT INTO  TGROUP (id, year, term, number, professor_id, course_name) VALUES (69, 3, '4', 4, 761, 'Мовлення');
INSERT INTO  TGROUP (id, year, term, number, professor_id, course_name) VALUES (70, 4, '3', 1, 771, 'Мовна норма і стиль');
INSERT INTO  TGROUP (id, year, term, number, professor_id, course_name) VALUES (71, 5, '2', 2, 781, 'Молекулярна фізика');
INSERT INTO  TGROUP (id, year, term, number, professor_id, course_name) VALUES (72, 6, '1', 3, 791, 'Об`єктно-орієнтоване програмування');
INSERT INTO  TGROUP (id, year, term, number, professor_id, course_name) VALUES (73, 1, '6', 4, 801, 'Обробка зображень');
INSERT INTO  TGROUP (id, year, term, number, professor_id, course_name) VALUES (74, 2, '5', 1, 811, 'Органічна хімія');
INSERT INTO  TGROUP (id, year, term, number, professor_id, course_name) VALUES (75, 3, '4', 2, 821, 'Основи unix систем');
INSERT INTO  TGROUP (id, year, term, number, professor_id, course_name) VALUES (76, 4, '3', 3, 831, 'Основи інтернет бізнесу');
INSERT INTO  TGROUP (id, year, term, number, professor_id, course_name) VALUES (77, 5, '2', 4, 841, 'Основи інформаційного суспільства');
INSERT INTO  TGROUP (id, year, term, number, professor_id, course_name) VALUES (78, 6, '1', 1, 851, 'Основи літературної творчості');
INSERT INTO  TGROUP (id, year, term, number, professor_id, course_name) VALUES (79, 1, '6', 2, 861, 'Основи міжнародних відносин');
INSERT INTO  TGROUP (id, year, term, number, professor_id, course_name) VALUES (80, 2, '5', 3, 871, 'Основи мовознавства');
INSERT INTO  TGROUP (id, year, term, number, professor_id, course_name) VALUES (81, 3, '4', 4, 881, 'Основи належної лабораторної і виробничої практики (GLP і GMP)');
INSERT INTO  TGROUP (id, year, term, number, professor_id, course_name) VALUES (82, 4, '3', 1, 891, 'Основи наукової комунікації	');
INSERT INTO  TGROUP (id, year, term, number, professor_id, course_name) VALUES (83, 5, '2', 2, 901, 'Основи наукової комунікації	залік');
INSERT INTO  TGROUP (id, year, term, number, professor_id, course_name) VALUES (84, 6, '1', 3, 911, 'Основи операційних систем');
INSERT INTO  TGROUP (id, year, term, number, professor_id, course_name) VALUES (85, 1, '6', 4, 921, 'Основи охорони праці');
INSERT INTO  TGROUP (id, year, term, number, professor_id, course_name) VALUES (86, 2, '5', 1, 931, 'Основи політичної науки');
INSERT INTO  TGROUP (id, year, term, number, professor_id, course_name) VALUES (87, 3, '4', 2, 941, 'Основи права	');
INSERT INTO  TGROUP (id, year, term, number, professor_id, course_name) VALUES (88, 4, '3', 3, 951, 'Основи права');
INSERT INTO  TGROUP (id, year, term, number, professor_id, course_name) VALUES (89, 5, '2', 4, 961, 'Основи та методи наукових досліджень');
INSERT INTO  TGROUP (id, year, term, number, professor_id, course_name) VALUES (90, 6, '1', 1, 971, 'Охорона пам`яток історії та культури');
INSERT INTO  TGROUP (id, year, term, number, professor_id, course_name) VALUES (91, 1, '6', 2, 981, 'Охорона праці в галузі');
INSERT INTO  TGROUP (id, year, term, number, professor_id, course_name) VALUES (92, 2, '5', 3, 991, 'Педагогіка');
INSERT INTO  TGROUP (id, year, term, number, professor_id, course_name) VALUES (93, 3, '4', 4, 1001, 'Податкове право');
INSERT INTO  TGROUP (id, year, term, number, professor_id, course_name) VALUES (94, 4, '3', 1, 1481, 'Політологія');
INSERT INTO  TGROUP (id, year, term, number, professor_id, course_name) VALUES (95, 5, '2', 2, 1491, 'Порівняльне державотворення в історії');
INSERT INTO  TGROUP (id, year, term, number, professor_id, course_name) VALUES (96, 6, '1', 3, 1501, 'Походження українського народу');
INSERT INTO  TGROUP (id, year, term, number, professor_id, course_name) VALUES (97, 1, '6', 4, 1511, 'Право та суспільство (англійською мовою)');
INSERT INTO  TGROUP (id, year, term, number, professor_id, course_name) VALUES (98, 2, '5', 1, 1521, 'Правове забезпечення ЗМІ');
INSERT INTO  TGROUP (id, year, term, number, professor_id, course_name) VALUES (99, 3, '4', 2, 1531, 'Правове регулювання соціальних відносин');
INSERT INTO  TGROUP (id, year, term, number, professor_id, course_name) VALUES (100, 4, '3', 3, 1541, 'Практика дослідницька');
INSERT INTO  TGROUP (id, year, term, number, professor_id, course_name) VALUES (101, 5, '2', 4, 1081, 'Практика ознайомлювальна');
INSERT INTO  TGROUP (id, year, term, number, professor_id, course_name) VALUES (102, 6, '1', 1, 1091, 'Прийняття рішень за умов невизначеності');
INSERT INTO  TGROUP (id, year, term, number, professor_id, course_name) VALUES (103, 1, '6', 2, 1101, 'Прикладне програмування');
INSERT INTO  TGROUP (id, year, term, number, professor_id, course_name) VALUES (104, 2, '5', 3, 1111, 'Проблеми викладання національної історії в умовах глобалізації');
INSERT INTO  TGROUP (id, year, term, number, professor_id, course_name) VALUES (105, 3, '4', 4, 1121, 'Проблеми теорії та методології історичного дослідження');
INSERT INTO  TGROUP (id, year, term, number, professor_id, course_name) VALUES (106, 4, '3', 1, 1131, 'Програмування на основі .NET');
INSERT INTO  TGROUP (id, year, term, number, professor_id, course_name) VALUES (107, 5, '2', 2, 1551, 'Психологічна наука');
INSERT INTO  TGROUP (id, year, term, number, professor_id, course_name) VALUES (108, 6, '1', 3, 1561, 'Психологія');
INSERT INTO  TGROUP (id, year, term, number, professor_id, course_name) VALUES (109, 1, '6', 4, 1571, 'Психологія дитини	');
INSERT INTO  TGROUP (id, year, term, number, professor_id, course_name) VALUES (110, 2, '5', 1, 1581, 'Психологія людини');
INSERT INTO  TGROUP (id, year, term, number, professor_id, course_name) VALUES (111, 3, '4', 2, 1591, 'Психологія ситуативних питань');
INSERT INTO  TGROUP (id, year, term, number, professor_id, course_name) VALUES (112, 4, '3', 3, 1601, 'Психологія соціальної поведінки');
INSERT INTO  TGROUP (id, year, term, number, professor_id, course_name) VALUES (113, 5, '2', 4, 1611, 'Психологія спілкування	залік');
INSERT INTO  TGROUP (id, year, term, number, professor_id, course_name) VALUES (114, 6, '1', 1, 1621, 'Психологія та педагогіка');
INSERT INTO  TGROUP (id, year, term, number, professor_id, course_name) VALUES (115, 1, '6', 2, 1221, 'Рекламний менеджмент');
INSERT INTO  TGROUP (id, year, term, number, professor_id, course_name) VALUES (116, 2, '5', 3, 1231, 'Релігієзнавство');
INSERT INTO  TGROUP (id, year, term, number, professor_id, course_name) VALUES (117, 3, '4', 4, 1241, 'Системи прийняття рішень');
INSERT INTO  TGROUP (id, year, term, number, professor_id, course_name) VALUES (118, 4, '3', 1, 1251, 'Системи та методи штучного інтелекту');
INSERT INTO  TGROUP (id, year, term, number, professor_id, course_name) VALUES (119, 5, '2', 2, 1261, 'Сімейне право');
INSERT INTO  TGROUP (id, year, term, number, professor_id, course_name) VALUES (120, 6, '1', 3, 1271, 'Соціальна антропологія');
INSERT INTO  TGROUP (id, year, term, number, professor_id, course_name) VALUES (121, 1, '6', 4, 1281, 'Соціальна політика');
INSERT INTO  TGROUP (id, year, term, number, professor_id, course_name) VALUES (122, 2, '5', 1, 1291, 'Соціолінгвістика');
INSERT INTO  TGROUP (id, year, term, number, professor_id, course_name) VALUES (123, 3, '4', 2, 1301, 'Старослов''янське мовознавство');
INSERT INTO  TGROUP (id, year, term, number, professor_id, course_name) VALUES (124, 4, '3', 3, 1311, 'Суспільно-політичні рухи');
INSERT INTO  TGROUP (id, year, term, number, professor_id, course_name) VALUES (125, 5, '2', 4, 1321, 'Теорії соціальної роботи');
INSERT INTO  TGROUP (id, year, term, number, professor_id, course_name) VALUES (126, 6, '1', 1, 1331, 'Теорія еволюції');
INSERT INTO  TGROUP (id, year, term, number, professor_id, course_name) VALUES (127, 1, '6', 2, 1341, 'Теорія ймовірності і математична статистика');
INSERT INTO  TGROUP (id, year, term, number, professor_id, course_name) VALUES (128, 2, '5', 3, 1351, 'Теорія літератури');
INSERT INTO  TGROUP (id, year, term, number, professor_id, course_name) VALUES (129, 3, '4', 4, 1361, 'Теорія функцій комплексної змінної');
INSERT INTO  TGROUP (id, year, term, number, professor_id, course_name) VALUES (130, 4, '3', 1, 1371, 'Технологія підготовки наукової роботи');
INSERT INTO  TGROUP (id, year, term, number, professor_id, course_name) VALUES (131, 5, '2', 2, 1381, 'Трудове право');
INSERT INTO  TGROUP (id, year, term, number, professor_id, course_name) VALUES (132, 6, '1', 3, 1391, 'Українська діалектологія');
INSERT INTO  TGROUP (id, year, term, number, professor_id, course_name) VALUES (133, 1, '6', 4, 1401, 'Українська література');
INSERT INTO  TGROUP (id, year, term, number, professor_id, course_name) VALUES (134, 2, '5', 1, 1411, 'Українська мова');



INSERT INTO  SCHEDULE (day, lesson, group_id, aud) VALUES ('01.04.17', 5, 22, '3-303');
INSERT INTO  SCHEDULE (day, lesson, group_id, aud) VALUES ('01.11.17', 4, 16, '2-207');
INSERT INTO  SCHEDULE (day, lesson, group_id, aud) VALUES ('02.04.17', 1, 24, '3-305');
INSERT INTO  SCHEDULE (day, lesson, group_id, aud) VALUES ('02.11.17', 5, 17, '2-208');
INSERT INTO  SCHEDULE (day, lesson, group_id, aud) VALUES ('03.04.17', 2, 25, '3-306');
INSERT INTO  SCHEDULE (day, lesson, group_id, aud) VALUES ('03.05.17', 3, 41, '5-202');
INSERT INTO  SCHEDULE (day, lesson, group_id, aud) VALUES ('03.05.17', 4, 42, '5-203');
INSERT INTO  SCHEDULE (day, lesson, group_id, aud) VALUES ('03.06.17', 1, 59, '6-110');
INSERT INTO  SCHEDULE (day, lesson, group_id, aud) VALUES ('03.06.17', 5, 58, '6-109');
INSERT INTO  SCHEDULE (day, lesson, group_id, aud) VALUES ('03.07.17', 2, 75, '9-207');
INSERT INTO  SCHEDULE (day, lesson, group_id, aud) VALUES ('03.07.17', 3, 76, '9-208');
INSERT INTO  SCHEDULE (day, lesson, group_id, aud) VALUES ('03.08.17', 4, 92, '2-204');
INSERT INTO  SCHEDULE (day, lesson, group_id, aud) VALUES ('03.08.17', 5, 93, '2-205');
INSERT INTO  SCHEDULE (day, lesson, group_id, aud) VALUES ('03.09.17', 1, 109, '4-101');
INSERT INTO  SCHEDULE (day, lesson, group_id, aud) VALUES ('03.09.17', 2, 110, '4-102');
INSERT INTO  SCHEDULE (day, lesson, group_id, aud) VALUES ('03.10.17', 3, 126, '5-208');
INSERT INTO  SCHEDULE (day, lesson, group_id, aud) VALUES ('03.10.17', 4, 127, '5-209');
INSERT INTO  SCHEDULE (day, lesson, group_id, aud) VALUES ('03.11.17', 1, 18, '2-209');
INSERT INTO  SCHEDULE (day, lesson, group_id, aud) VALUES ('04.04.17', 3, 26, '3-307');
INSERT INTO  SCHEDULE (day, lesson, group_id, aud) VALUES ('04.05.17', 5, 43, '5-204');
INSERT INTO  SCHEDULE (day, lesson, group_id, aud) VALUES ('04.06.17', 2, 60, '8-101');
INSERT INTO  SCHEDULE (day, lesson, group_id, aud) VALUES ('04.07.17', 4, 77, '9-209');
INSERT INTO  SCHEDULE (day, lesson, group_id, aud) VALUES ('04.08.17', 1, 94, '2-206');
INSERT INTO  SCHEDULE (day, lesson, group_id, aud) VALUES ('04.09.17', 3, 111, '4-103');
INSERT INTO  SCHEDULE (day, lesson, group_id, aud) VALUES ('04.10.17', 5, 128, '5-210');
INSERT INTO  SCHEDULE (day, lesson, group_id, aud) VALUES ('05.04.17', 4, 27, '3-308');
INSERT INTO  SCHEDULE (day, lesson, group_id, aud) VALUES ('05.05.17', 1, 44, '5-205');
INSERT INTO  SCHEDULE (day, lesson, group_id, aud) VALUES ('05.06.17', 3, 61, '8-102');
INSERT INTO  SCHEDULE (day, lesson, group_id, aud) VALUES ('05.07.17', 5, 78, '9-210');
INSERT INTO  SCHEDULE (day, lesson, group_id, aud) VALUES ('05.08.17', 2, 95, '2-207');
INSERT INTO  SCHEDULE (day, lesson, group_id, aud) VALUES ('05.09.17', 4, 112, '4-104');
INSERT INTO  SCHEDULE (day, lesson, group_id, aud) VALUES ('05.10.17', 1, 129, '6-101');
INSERT INTO  SCHEDULE (day, lesson, group_id, aud) VALUES ('06.04.17', 5, 28, '3-309');
INSERT INTO  SCHEDULE (day, lesson, group_id, aud) VALUES ('06.05.17', 2, 45, '5-206');
INSERT INTO  SCHEDULE (day, lesson, group_id, aud) VALUES ('06.06.17', 4, 62, '8-103');
INSERT INTO  SCHEDULE (day, lesson, group_id, aud) VALUES ('06.07.17', 1, 79, '1-101');
INSERT INTO  SCHEDULE (day, lesson, group_id, aud) VALUES ('06.08.17', 3, 96, '2-208');
INSERT INTO  SCHEDULE (day, lesson, group_id, aud) VALUES ('06.09.17', 5, 113, '4-105');
INSERT INTO  SCHEDULE (day, lesson, group_id, aud) VALUES ('06.10.17', 2, 130, '6-102');
INSERT INTO  SCHEDULE (day, lesson, group_id, aud) VALUES ('07.04.17', 1, 29, '3-310');
INSERT INTO  SCHEDULE (day, lesson, group_id, aud) VALUES ('07.05.17', 3, 46, '5-207');
INSERT INTO  SCHEDULE (day, lesson, group_id, aud) VALUES ('07.06.17', 5, 63, '8-104');
INSERT INTO  SCHEDULE (day, lesson, group_id, aud) VALUES ('07.07.17', 2, 80, '1-102');
INSERT INTO  SCHEDULE (day, lesson, group_id, aud) VALUES ('07.08.17', 4, 97, '2-209');
INSERT INTO  SCHEDULE (day, lesson, group_id, aud) VALUES ('07.09.17', 1, 114, '4-106');
INSERT INTO  SCHEDULE (day, lesson, group_id, aud) VALUES ('07.10.17', 3, 131, '6-103');
INSERT INTO  SCHEDULE (day, lesson, group_id, aud) VALUES ('08.04.17', 2, 30, '4-101');
INSERT INTO  SCHEDULE (day, lesson, group_id, aud) VALUES ('08.05.17', 4, 47, '5-208');
INSERT INTO  SCHEDULE (day, lesson, group_id, aud) VALUES ('08.06.17', 1, 64, '8-105');
INSERT INTO  SCHEDULE (day, lesson, group_id, aud) VALUES ('08.07.17', 3, 81, '1-103');
INSERT INTO  SCHEDULE (day, lesson, group_id, aud) VALUES ('08.08.17', 5, 98, '2-210');
INSERT INTO  SCHEDULE (day, lesson, group_id, aud) VALUES ('08.09.17', 2, 115, '4-107');
INSERT INTO  SCHEDULE (day, lesson, group_id, aud) VALUES ('08.10.17', 4, 132, '6-104');
INSERT INTO  SCHEDULE (day, lesson, group_id, aud) VALUES ('09.04.17', 3, 31, '4-102');
INSERT INTO  SCHEDULE (day, lesson, group_id, aud) VALUES ('09.04.17', 5, 133, '6-105');
INSERT INTO  SCHEDULE (day, lesson, group_id, aud) VALUES ('09.05.17', 5, 48, '5-209');
INSERT INTO  SCHEDULE (day, lesson, group_id, aud) VALUES ('09.06.17', 2, 65, '8-106');
INSERT INTO  SCHEDULE (day, lesson, group_id, aud) VALUES ('09.07.17', 4, 82, '1-104');
INSERT INTO  SCHEDULE (day, lesson, group_id, aud) VALUES ('09.08.17', 1, 99, '3-301');
INSERT INTO  SCHEDULE (day, lesson, group_id, aud) VALUES ('09.09.17', 3, 116, '4-108');
INSERT INTO  SCHEDULE (day, lesson, group_id, aud) VALUES ('10.04.17', 4, 32, '4-103');
INSERT INTO  SCHEDULE (day, lesson, group_id, aud) VALUES ('10.05.17', 1, 49, '5-210');
INSERT INTO  SCHEDULE (day, lesson, group_id, aud) VALUES ('10.06.17', 3, 66, '8-107');
INSERT INTO  SCHEDULE (day, lesson, group_id, aud) VALUES ('10.07.17', 5, 83, '1-105');
INSERT INTO  SCHEDULE (day, lesson, group_id, aud) VALUES ('10.08.17', 2, 100, '3-302');
INSERT INTO  SCHEDULE (day, lesson, group_id, aud) VALUES ('10.09.17', 4, 117, '4-109');
INSERT INTO  SCHEDULE (day, lesson, group_id, aud) VALUES ('11.04.17', 5, 33, '4-104');
INSERT INTO  SCHEDULE (day, lesson, group_id, aud) VALUES ('11.05.17', 2, 50, '6-101');
INSERT INTO  SCHEDULE (day, lesson, group_id, aud) VALUES ('11.06.17', 4, 67, '8-108');
INSERT INTO  SCHEDULE (day, lesson, group_id, aud) VALUES ('11.07.17', 1, 84, '1-106');
INSERT INTO  SCHEDULE (day, lesson, group_id, aud) VALUES ('11.08.17', 3, 101, '3-303');
INSERT INTO  SCHEDULE (day, lesson, group_id, aud) VALUES ('11.09.17', 5, 118, '4-110');
INSERT INTO  SCHEDULE (day, lesson, group_id, aud) VALUES ('12.04.17', 1, 34, '4-105');
INSERT INTO  SCHEDULE (day, lesson, group_id, aud) VALUES ('12.05.17', 3, 51, '6-102');
INSERT INTO  SCHEDULE (day, lesson, group_id, aud) VALUES ('12.06.17', 5, 68, '8-109');
INSERT INTO  SCHEDULE (day, lesson, group_id, aud) VALUES ('12.07.17', 2, 85, '1-107');
INSERT INTO  SCHEDULE (day, lesson, group_id, aud) VALUES ('12.08.17', 4, 102, '3-304');
INSERT INTO  SCHEDULE (day, lesson, group_id, aud) VALUES ('12.09.17', 1, 119, '5-201');
INSERT INTO  SCHEDULE (day, lesson, group_id, aud) VALUES ('13.04.17', 2, 35, '4-106');
INSERT INTO  SCHEDULE (day, lesson, group_id, aud) VALUES ('13.05.17', 4, 52, '6-103');
INSERT INTO  SCHEDULE (day, lesson, group_id, aud) VALUES ('13.06.17', 1, 69, '9-201');
INSERT INTO  SCHEDULE (day, lesson, group_id, aud) VALUES ('13.07.17', 3, 86, '1-108');
INSERT INTO  SCHEDULE (day, lesson, group_id, aud) VALUES ('13.08.17', 5, 103, '3-305');
INSERT INTO  SCHEDULE (day, lesson, group_id, aud) VALUES ('13.09.17', 2, 120, '5-202');
INSERT INTO  SCHEDULE (day, lesson, group_id, aud) VALUES ('14.04.17', 3, 36, '4-107');
INSERT INTO  SCHEDULE (day, lesson, group_id, aud) VALUES ('14.05.17', 5, 53, '6-104');
INSERT INTO  SCHEDULE (day, lesson, group_id, aud) VALUES ('14.06.17', 2, 70, '9-202');
INSERT INTO  SCHEDULE (day, lesson, group_id, aud) VALUES ('14.07.17', 4, 87, '1-109');
INSERT INTO  SCHEDULE (day, lesson, group_id, aud) VALUES ('14.08.17', 1, 104, '3-306');
INSERT INTO  SCHEDULE (day, lesson, group_id, aud) VALUES ('14.09.17', 3, 121, '5-203');
INSERT INTO  SCHEDULE (day, lesson, group_id, aud) VALUES ('15.04.17', 4, 37, '4-108');
INSERT INTO  SCHEDULE (day, lesson, group_id, aud) VALUES ('15.05.17', 1, 54, '6-105');
INSERT INTO  SCHEDULE (day, lesson, group_id, aud) VALUES ('15.06.17', 3, 71, '9-203');
INSERT INTO  SCHEDULE (day, lesson, group_id, aud) VALUES ('15.07.17', 5, 88, '1-110');
INSERT INTO  SCHEDULE (day, lesson, group_id, aud) VALUES ('15.08.17', 2, 105, '3-307');
INSERT INTO  SCHEDULE (day, lesson, group_id, aud) VALUES ('15.09.17', 4, 122, '5-204');
INSERT INTO  SCHEDULE (day, lesson, group_id, aud) VALUES ('16.04.17', 5, 38, '4-109');
INSERT INTO  SCHEDULE (day, lesson, group_id, aud) VALUES ('16.05.17', 2, 55, '6-106');
INSERT INTO  SCHEDULE (day, lesson, group_id, aud) VALUES ('16.06.17', 4, 72, '9-204');
INSERT INTO  SCHEDULE (day, lesson, group_id, aud) VALUES ('16.07.17', 1, 89, '2-201');
INSERT INTO  SCHEDULE (day, lesson, group_id, aud) VALUES ('16.08.17', 3, 106, '3-308');
INSERT INTO  SCHEDULE (day, lesson, group_id, aud) VALUES ('16.09.17', 5, 123, '5-205');
INSERT INTO  SCHEDULE (day, lesson, group_id, aud) VALUES ('17.04.17', 1, 39, '4-110');
INSERT INTO  SCHEDULE (day, lesson, group_id, aud) VALUES ('17.05.17', 3, 56, '6-107');
INSERT INTO  SCHEDULE (day, lesson, group_id, aud) VALUES ('17.06.17', 5, 73, '9-205');
INSERT INTO  SCHEDULE (day, lesson, group_id, aud) VALUES ('17.07.17', 2, 90, '2-202');
INSERT INTO  SCHEDULE (day, lesson, group_id, aud) VALUES ('17.08.17', 4, 107, '3-309');
INSERT INTO  SCHEDULE (day, lesson, group_id, aud) VALUES ('17.09.17', 1, 124, '5-206');
INSERT INTO  SCHEDULE (day, lesson, group_id, aud) VALUES ('18.04.17', 2, 40, '5-201');
INSERT INTO  SCHEDULE (day, lesson, group_id, aud) VALUES ('18.05.17', 4, 57, '6-108');
INSERT INTO  SCHEDULE (day, lesson, group_id, aud) VALUES ('18.06.17', 1, 74, '9-206');
INSERT INTO  SCHEDULE (day, lesson, group_id, aud) VALUES ('18.08.17', 5, 108, '3-310');
INSERT INTO  SCHEDULE (day, lesson, group_id, aud) VALUES ('18.09.17', 2, 125, '5-207');
INSERT INTO  SCHEDULE (day, lesson, group_id, aud) VALUES ('25.01.17', 2, 4, '1-105');
INSERT INTO  SCHEDULE (day, lesson, group_id, aud) VALUES ('25.02.17', 3, 5, '1-106');
INSERT INTO  SCHEDULE (day, lesson, group_id, aud) VALUES ('25.03.17', 4, 6, '1-107');
INSERT INTO  SCHEDULE (day, lesson, group_id, aud) VALUES ('25.04.17', 5, 7, '1-108');
INSERT INTO  SCHEDULE (day, lesson, group_id, aud) VALUES ('25.10.17', 1, 3, '1-104');
INSERT INTO  SCHEDULE (day, lesson, group_id, aud) VALUES ('26.05.17', 1, 8, '1-109');
INSERT INTO  SCHEDULE (day, lesson, group_id, aud) VALUES ('26.06.17', 2, 9, '1-110');
INSERT INTO  SCHEDULE (day, lesson, group_id, aud) VALUES ('26.07.17', 3, 10, '2-201');
INSERT INTO  SCHEDULE (day, lesson, group_id, aud) VALUES ('26.08.17', 5, 12, '2-203');
INSERT INTO  SCHEDULE (day, lesson, group_id, aud) VALUES ('26.10.17', 4, 11, '2-202');
INSERT INTO  SCHEDULE (day, lesson, group_id, aud) VALUES ('27.08.17', 2, 19, '2-210');
INSERT INTO  SCHEDULE (day, lesson, group_id, aud) VALUES ('27.09.17', 1, 13, '2-204');
INSERT INTO  SCHEDULE (day, lesson, group_id, aud) VALUES ('28.04.17', 3, 20, '3-301');
INSERT INTO  SCHEDULE (day, lesson, group_id, aud) VALUES ('28.10.17', 2, 14, '2-205');
INSERT INTO  SCHEDULE (day, lesson, group_id, aud) VALUES ('29.04.17', 4, 21, '3-302');
INSERT INTO  SCHEDULE (day, lesson, group_id, aud) VALUES ('29.10.17', 3, 15, '2-206');


INSERT INTO  RESULT (group_id, student_id, mark) VALUES (1, 1, '100');
INSERT INTO  RESULT (group_id, student_id, mark) VALUES (1, 1341, '61');
INSERT INTO  RESULT (group_id, student_id, mark) VALUES (2, 11, '90');
INSERT INTO  RESULT (group_id, student_id, mark) VALUES (2, 1351, '62');
INSERT INTO  RESULT (group_id, student_id, mark) VALUES (3, 21, '95');
INSERT INTO  RESULT (group_id, student_id, mark) VALUES (3, 1361, '63');
INSERT INTO  RESULT (group_id, student_id, mark) VALUES (4, 31, '94');
INSERT INTO  RESULT (group_id, student_id, mark) VALUES (4, 1371, '64');
INSERT INTO  RESULT (group_id, student_id, mark) VALUES (5, 41, '93');
INSERT INTO  RESULT (group_id, student_id, mark) VALUES (5, 1381, '65');
INSERT INTO  RESULT (group_id, student_id, mark) VALUES (6, 51, '92');
INSERT INTO  RESULT (group_id, student_id, mark) VALUES (6, 1391, '66');
INSERT INTO  RESULT (group_id, student_id, mark) VALUES (7, 61, '80');
INSERT INTO  RESULT (group_id, student_id, mark) VALUES (7, 1401, '67');
INSERT INTO  RESULT (group_id, student_id, mark) VALUES (8, 71, '86');
INSERT INTO  RESULT (group_id, student_id, mark) VALUES (8, 1411, '68');
INSERT INTO  RESULT (group_id, student_id, mark) VALUES (9, 81, '84');
INSERT INTO  RESULT (group_id, student_id, mark) VALUES (9, 1421, '69');
INSERT INTO  RESULT (group_id, student_id, mark) VALUES (10, 91, '82');
INSERT INTO  RESULT (group_id, student_id, mark) VALUES (10, 1431, '91');
INSERT INTO  RESULT (group_id, student_id, mark) VALUES (11, 101, '71');
INSERT INTO  RESULT (group_id, student_id, mark) VALUES (11, 1441, '100');
INSERT INTO  RESULT (group_id, student_id, mark) VALUES (12, 111, '75');
INSERT INTO  RESULT (group_id, student_id, mark) VALUES (12, 1451, '90');
INSERT INTO  RESULT (group_id, student_id, mark) VALUES (13, 121, '77');
INSERT INTO  RESULT (group_id, student_id, mark) VALUES (13, 1461, '95');
INSERT INTO  RESULT (group_id, student_id, mark) VALUES (14, 131, '79');
INSERT INTO  RESULT (group_id, student_id, mark) VALUES (14, 1471, '94');
INSERT INTO  RESULT (group_id, student_id, mark) VALUES (15, 141, '61');
INSERT INTO  RESULT (group_id, student_id, mark) VALUES (15, 1481, '93');
INSERT INTO  RESULT (group_id, student_id, mark) VALUES (16, 151, '62');
INSERT INTO  RESULT (group_id, student_id, mark) VALUES (16, 1491, '92');
INSERT INTO  RESULT (group_id, student_id, mark) VALUES (17, 161, '63');
INSERT INTO  RESULT (group_id, student_id, mark) VALUES (17, 1501, '80');
INSERT INTO  RESULT (group_id, student_id, mark) VALUES (18, 171, '64');
INSERT INTO  RESULT (group_id, student_id, mark) VALUES (18, 1511, '86');
INSERT INTO  RESULT (group_id, student_id, mark) VALUES (19, 181, '65');
INSERT INTO  RESULT (group_id, student_id, mark) VALUES (19, 1521, '84');
INSERT INTO  RESULT (group_id, student_id, mark) VALUES (20, 191, '66');
INSERT INTO  RESULT (group_id, student_id, mark) VALUES (20, 1531, '82');
INSERT INTO  RESULT (group_id, student_id, mark) VALUES (21, 201, '67');
INSERT INTO  RESULT (group_id, student_id, mark) VALUES (21, 1541, '71');
INSERT INTO  RESULT (group_id, student_id, mark) VALUES (22, 211, '68');
INSERT INTO  RESULT (group_id, student_id, mark) VALUES (22, 1551, '75');
INSERT INTO  RESULT (group_id, student_id, mark) VALUES (23, 221, '69');
INSERT INTO  RESULT (group_id, student_id, mark) VALUES (23, 1561, '77');
INSERT INTO  RESULT (group_id, student_id, mark) VALUES (24, 231, '91');
INSERT INTO  RESULT (group_id, student_id, mark) VALUES (24, 1571, '79');
INSERT INTO  RESULT (group_id, student_id, mark) VALUES (25, 241, '100');
INSERT INTO  RESULT (group_id, student_id, mark) VALUES (25, 1581, '61');
INSERT INTO  RESULT (group_id, student_id, mark) VALUES (26, 251, '90');
INSERT INTO  RESULT (group_id, student_id, mark) VALUES (26, 1591, '62');
INSERT INTO  RESULT (group_id, student_id, mark) VALUES (27, 261, '95');
INSERT INTO  RESULT (group_id, student_id, mark) VALUES (27, 1601, '63');
INSERT INTO  RESULT (group_id, student_id, mark) VALUES (28, 271, '94');
INSERT INTO  RESULT (group_id, student_id, mark) VALUES (28, 1611, '64');
INSERT INTO  RESULT (group_id, student_id, mark) VALUES (29, 281, '93');
INSERT INTO  RESULT (group_id, student_id, mark) VALUES (29, 1621, '65');
INSERT INTO  RESULT (group_id, student_id, mark) VALUES (30, 291, '92');
INSERT INTO  RESULT (group_id, student_id, mark) VALUES (30, 1631, '66');
INSERT INTO  RESULT (group_id, student_id, mark) VALUES (31, 301, '80');
INSERT INTO  RESULT (group_id, student_id, mark) VALUES (31, 1641, '67');
INSERT INTO  RESULT (group_id, student_id, mark) VALUES (32, 311, '86');
INSERT INTO  RESULT (group_id, student_id, mark) VALUES (32, 1651, '68');
INSERT INTO  RESULT (group_id, student_id, mark) VALUES (33, 321, '84');
INSERT INTO  RESULT (group_id, student_id, mark) VALUES (33, 1661, '69');
INSERT INTO  RESULT (group_id, student_id, mark) VALUES (34, 331, '82');
INSERT INTO  RESULT (group_id, student_id, mark) VALUES (34, 1671, '91');
INSERT INTO  RESULT (group_id, student_id, mark) VALUES (35, 341, '71');
INSERT INTO  RESULT (group_id, student_id, mark) VALUES (35, 1681, '100');
INSERT INTO  RESULT (group_id, student_id, mark) VALUES (36, 351, '75');
INSERT INTO  RESULT (group_id, student_id, mark) VALUES (36, 1691, '90');
INSERT INTO  RESULT (group_id, student_id, mark) VALUES (37, 361, '77');
INSERT INTO  RESULT (group_id, student_id, mark) VALUES (37, 1701, '95');
INSERT INTO  RESULT (group_id, student_id, mark) VALUES (38, 371, '79');
INSERT INTO  RESULT (group_id, student_id, mark) VALUES (38, 1711, '94');
INSERT INTO  RESULT (group_id, student_id, mark) VALUES (39, 381, '61');
INSERT INTO  RESULT (group_id, student_id, mark) VALUES (39, 1721, '93');
INSERT INTO  RESULT (group_id, student_id, mark) VALUES (40, 391, '62');
INSERT INTO  RESULT (group_id, student_id, mark) VALUES (40, 1731, '92');
INSERT INTO  RESULT (group_id, student_id, mark) VALUES (41, 401, '63');
INSERT INTO  RESULT (group_id, student_id, mark) VALUES (41, 1741, '80');
INSERT INTO  RESULT (group_id, student_id, mark) VALUES (42, 411, '64');
INSERT INTO  RESULT (group_id, student_id, mark) VALUES (42, 1751, '86');
INSERT INTO  RESULT (group_id, student_id, mark) VALUES (43, 421, '65');
INSERT INTO  RESULT (group_id, student_id, mark) VALUES (43, 1761, '84');
INSERT INTO  RESULT (group_id, student_id, mark) VALUES (44, 431, '66');
INSERT INTO  RESULT (group_id, student_id, mark) VALUES (44, 1771, '82');
INSERT INTO  RESULT (group_id, student_id, mark) VALUES (45, 441, '67');
INSERT INTO  RESULT (group_id, student_id, mark) VALUES (45, 1781, '71');
INSERT INTO  RESULT (group_id, student_id, mark) VALUES (46, 451, '68');
INSERT INTO  RESULT (group_id, student_id, mark) VALUES (46, 1791, '75');
INSERT INTO  RESULT (group_id, student_id, mark) VALUES (47, 461, '69');
INSERT INTO  RESULT (group_id, student_id, mark) VALUES (47, 1801, '77');
INSERT INTO  RESULT (group_id, student_id, mark) VALUES (48, 471, '91');
INSERT INTO  RESULT (group_id, student_id, mark) VALUES (48, 1811, '79');
INSERT INTO  RESULT (group_id, student_id, mark) VALUES (49, 481, '100');
INSERT INTO  RESULT (group_id, student_id, mark) VALUES (49, 1821, '61');
INSERT INTO  RESULT (group_id, student_id, mark) VALUES (50, 491, '90');
INSERT INTO  RESULT (group_id, student_id, mark) VALUES (50, 1831, '62');
INSERT INTO  RESULT (group_id, student_id, mark) VALUES (51, 501, '95');
INSERT INTO  RESULT (group_id, student_id, mark) VALUES (51, 1841, '63');
INSERT INTO  RESULT (group_id, student_id, mark) VALUES (52, 511, '94');
INSERT INTO  RESULT (group_id, student_id, mark) VALUES (52, 1851, '64');
INSERT INTO  RESULT (group_id, student_id, mark) VALUES (53, 521, '93');
INSERT INTO  RESULT (group_id, student_id, mark) VALUES (54, 531, '92');
INSERT INTO  RESULT (group_id, student_id, mark) VALUES (55, 541, '80');
INSERT INTO  RESULT (group_id, student_id, mark) VALUES (56, 551, '86');
INSERT INTO  RESULT (group_id, student_id, mark) VALUES (57, 561, '84');
INSERT INTO  RESULT (group_id, student_id, mark) VALUES (58, 571, '82');
INSERT INTO  RESULT (group_id, student_id, mark) VALUES (59, 581, '71');
INSERT INTO  RESULT (group_id, student_id, mark) VALUES (60, 591, '75');
INSERT INTO  RESULT (group_id, student_id, mark) VALUES (61, 601, '77');
INSERT INTO  RESULT (group_id, student_id, mark) VALUES (62, 611, '79');
INSERT INTO  RESULT (group_id, student_id, mark) VALUES (63, 621, '61');
INSERT INTO  RESULT (group_id, student_id, mark) VALUES (64, 631, '62');
INSERT INTO  RESULT (group_id, student_id, mark) VALUES (65, 641, '63');
INSERT INTO  RESULT (group_id, student_id, mark) VALUES (66, 651, '64');
INSERT INTO  RESULT (group_id, student_id, mark) VALUES (67, 661, '65');
INSERT INTO  RESULT (group_id, student_id, mark) VALUES (68, 671, '66');
INSERT INTO  RESULT (group_id, student_id, mark) VALUES (69, 681, '67');
INSERT INTO  RESULT (group_id, student_id, mark) VALUES (70, 691, '68');
INSERT INTO  RESULT (group_id, student_id, mark) VALUES (71, 701, '69');
INSERT INTO  RESULT (group_id, student_id, mark) VALUES (72, 711, '91');
INSERT INTO  RESULT (group_id, student_id, mark) VALUES (73, 721, '100');
INSERT INTO  RESULT (group_id, student_id, mark) VALUES (74, 731, '90');
INSERT INTO  RESULT (group_id, student_id, mark) VALUES (75, 741, '95');
INSERT INTO  RESULT (group_id, student_id, mark) VALUES (76, 751, '94');
INSERT INTO  RESULT (group_id, student_id, mark) VALUES (77, 761, '93');
INSERT INTO  RESULT (group_id, student_id, mark) VALUES (78, 771, '92');
INSERT INTO  RESULT (group_id, student_id, mark) VALUES (79, 781, '80');
INSERT INTO  RESULT (group_id, student_id, mark) VALUES (80, 791, '86');
INSERT INTO  RESULT (group_id, student_id, mark) VALUES (81, 801, '84');
INSERT INTO  RESULT (group_id, student_id, mark) VALUES (82, 811, '82');
INSERT INTO  RESULT (group_id, student_id, mark) VALUES (83, 821, '71');
INSERT INTO  RESULT (group_id, student_id, mark) VALUES (84, 831, '75');
INSERT INTO  RESULT (group_id, student_id, mark) VALUES (85, 841, '77');
INSERT INTO  RESULT (group_id, student_id, mark) VALUES (86, 851, '79');
INSERT INTO  RESULT (group_id, student_id, mark) VALUES (87, 861, '61');
INSERT INTO  RESULT (group_id, student_id, mark) VALUES (88, 871, '62');
INSERT INTO  RESULT (group_id, student_id, mark) VALUES (89, 881, '63');
INSERT INTO  RESULT (group_id, student_id, mark) VALUES (90, 891, '64');
INSERT INTO  RESULT (group_id, student_id, mark) VALUES (91, 901, '65');
INSERT INTO  RESULT (group_id, student_id, mark) VALUES (92, 911, '66');
INSERT INTO  RESULT (group_id, student_id, mark) VALUES (93, 921, '67');
INSERT INTO  RESULT (group_id, student_id, mark) VALUES (94, 931, '68');
INSERT INTO  RESULT (group_id, student_id, mark) VALUES (95, 941, '69');
INSERT INTO  RESULT (group_id, student_id, mark) VALUES (96, 951, '91');
INSERT INTO  RESULT (group_id, student_id, mark) VALUES (97, 961, '100');
INSERT INTO  RESULT (group_id, student_id, mark) VALUES (98, 971, '90');
INSERT INTO  RESULT (group_id, student_id, mark) VALUES (99, 981, '95');
INSERT INTO  RESULT (group_id, student_id, mark) VALUES (100, 991, '94');
INSERT INTO  RESULT (group_id, student_id, mark) VALUES (101, 1001, '93');
INSERT INTO  RESULT (group_id, student_id, mark) VALUES (102, 1011, '92');
INSERT INTO  RESULT (group_id, student_id, mark) VALUES (103, 1021, '80');
INSERT INTO  RESULT (group_id, student_id, mark) VALUES (104, 1031, '86');
INSERT INTO  RESULT (group_id, student_id, mark) VALUES (105, 1041, '84');
INSERT INTO  RESULT (group_id, student_id, mark) VALUES (106, 1051, '82');
INSERT INTO  RESULT (group_id, student_id, mark) VALUES (107, 1061, '71');
INSERT INTO  RESULT (group_id, student_id, mark) VALUES (108, 1071, '75');
INSERT INTO  RESULT (group_id, student_id, mark) VALUES (109, 1081, '77');
INSERT INTO  RESULT (group_id, student_id, mark) VALUES (110, 1091, '79');
INSERT INTO  RESULT (group_id, student_id, mark) VALUES (111, 1101, '61');
INSERT INTO  RESULT (group_id, student_id, mark) VALUES (112, 1111, '62');
INSERT INTO  RESULT (group_id, student_id, mark) VALUES (113, 1121, '63');
INSERT INTO  RESULT (group_id, student_id, mark) VALUES (114, 1131, '64');
INSERT INTO  RESULT (group_id, student_id, mark) VALUES (115, 1141, '65');
INSERT INTO  RESULT (group_id, student_id, mark) VALUES (116, 1151, '66');
INSERT INTO  RESULT (group_id, student_id, mark) VALUES (117, 1161, '67');
INSERT INTO  RESULT (group_id, student_id, mark) VALUES (118, 1171, '68');
INSERT INTO  RESULT (group_id, student_id, mark) VALUES (119, 1181, '69');
INSERT INTO  RESULT (group_id, student_id, mark) VALUES (120, 1191, '91');
INSERT INTO  RESULT (group_id, student_id, mark) VALUES (121, 1201, '100');
INSERT INTO  RESULT (group_id, student_id, mark) VALUES (122, 1211, '90');
INSERT INTO  RESULT (group_id, student_id, mark) VALUES (123, 1221, '95');
INSERT INTO  RESULT (group_id, student_id, mark) VALUES (124, 1231, '94');
INSERT INTO  RESULT (group_id, student_id, mark) VALUES (125, 1241, '93');
INSERT INTO  RESULT (group_id, student_id, mark) VALUES (126, 1251, '92');
INSERT INTO  RESULT (group_id, student_id, mark) VALUES (127, 1261, '80');
INSERT INTO  RESULT (group_id, student_id, mark) VALUES (128, 1271, '86');
INSERT INTO  RESULT (group_id, student_id, mark) VALUES (129, 1281, '84');
INSERT INTO  RESULT (group_id, student_id, mark) VALUES (130, 1291, '82');
INSERT INTO  RESULT (group_id, student_id, mark) VALUES (131, 1301, '71');
INSERT INTO  RESULT (group_id, student_id, mark) VALUES (132, 1311, '75');
INSERT INTO  RESULT (group_id, student_id, mark) VALUES (133, 1321, '77');
INSERT INTO  RESULT (group_id, student_id, mark) VALUES (134, 1331, '79');


INSERT INTO  EXAM (course_name, group_year, date, professor_id, aud) VALUES ('Актуальні проблеми історико-філософського пізнання', 1, '2017-05-01', 1, '1-101');
INSERT INTO  EXAM (course_name, group_year, date, professor_id, aud) VALUES ('Актуальні проблеми менеджменту та маркетингу', 2, '2017-05-01', 11, '1-102');
INSERT INTO  EXAM (course_name, group_year, date, professor_id, aud) VALUES ('Американська велика проза XX ст.', 3, '2017-05-01', 21, '1-103');
INSERT INTO  EXAM (course_name, group_year, date, professor_id, aud) VALUES ('Аналіз функцій багатьох змінних', 4, '2017-05-01', 31, '1-104');
INSERT INTO  EXAM (course_name, group_year, date, professor_id, aud) VALUES ('Аналітична хімія', 5, '2017-05-02', 41, '1-105');
INSERT INTO  EXAM (course_name, group_year, date, professor_id, aud) VALUES ('Англійська мова', 6, '2017-05-02', 51, '1-106');
INSERT INTO  EXAM (course_name, group_year, date, professor_id, aud) VALUES ('Англійська мова (за професійним спрямуванням)	', 1, '2017-05-02', 61, '1-107');
INSERT INTO  EXAM (course_name, group_year, date, professor_id, aud) VALUES ('Архітектура мікропроцесорів', 2, '2017-05-02', 71, '1-108');
INSERT INTO  EXAM (course_name, group_year, date, professor_id, aud) VALUES ('Баскетбол', 3, '2017-05-02', 81, '1-109');
INSERT INTO  EXAM (course_name, group_year, date, professor_id, aud) VALUES ('Безпека життєдіяльності', 4, '2017-05-03', 91, '1-110');
INSERT INTO  EXAM (course_name, group_year, date, professor_id, aud) VALUES ('Бізнес планування', 5, '2017-05-03', 101, '2-201');
INSERT INTO  EXAM (course_name, group_year, date, professor_id, aud) VALUES ('Біоорганічна хімія', 6, '2017-05-03', 111, '2-202');
INSERT INTO  EXAM (course_name, group_year, date, professor_id, aud) VALUES ('Бухгалтерія', 1, '2017-05-03', 121, '2-203');
INSERT INTO  EXAM (course_name, group_year, date, professor_id, aud) VALUES ('Вимова', 2, '2017-05-03', 131, '2-204');
INSERT INTO  EXAM (course_name, group_year, date, professor_id, aud) VALUES ('Вирішення конфліктних ситуацій	', 3, '2017-05-04', 141, '2-205');
INSERT INTO  EXAM (course_name, group_year, date, professor_id, aud) VALUES ('Вища математика', 4, '2017-05-04', 151, '2-206');
INSERT INTO  EXAM (course_name, group_year, date, professor_id, aud) VALUES ('Волейбол', 5, '2017-05-04', 161, '2-207');
INSERT INTO  EXAM (course_name, group_year, date, professor_id, aud) VALUES ('Врегулювання стану людини', 6, '2017-05-04', 221, '2-208');
INSERT INTO  EXAM (course_name, group_year, date, professor_id, aud) VALUES ('Вступ до відеовиробництва', 1, '2017-05-04', 251, '2-209');
INSERT INTO  EXAM (course_name, group_year, date, professor_id, aud) VALUES ('Вступ до медичних знань', 2, '2017-05-08', 261, '2-210');
INSERT INTO  EXAM (course_name, group_year, date, professor_id, aud) VALUES ('Демографія', 3, '2017-05-08', 271, '3-301');
INSERT INTO  EXAM (course_name, group_year, date, professor_id, aud) VALUES ('Екологічне право', 4, '2017-05-08', 281, '3-302');
INSERT INTO  EXAM (course_name, group_year, date, professor_id, aud) VALUES ('Екологія', 5, '2017-05-08', 291, '3-303');
INSERT INTO  EXAM (course_name, group_year, date, professor_id, aud) VALUES ('Екологія людини', 6, '2017-05-08', 301, '3-304');
INSERT INTO  EXAM (course_name, group_year, date, professor_id, aud) VALUES ('Екологія міських систем', 1, '2017-05-08', 311, '3-305');
INSERT INTO  EXAM (course_name, group_year, date, professor_id, aud) VALUES ('Економічна історія', 2, '2017-05-08', 321, '3-306');
INSERT INTO  EXAM (course_name, group_year, date, professor_id, aud) VALUES ('Електрика та магнетизм', 3, '2017-05-10', 331, '3-307');
INSERT INTO  EXAM (course_name, group_year, date, professor_id, aud) VALUES ('Ендокринологія', 4, '2017-05-10', 341, '3-308');
INSERT INTO  EXAM (course_name, group_year, date, professor_id, aud) VALUES ('Журналістська етика', 5, '2017-05-10', 361, '3-309');
INSERT INTO  EXAM (course_name, group_year, date, professor_id, aud) VALUES ('Загальна соціологія', 6, '2017-05-10', 371, '3-310');
INSERT INTO  EXAM (course_name, group_year, date, professor_id, aud) VALUES ('Загальне мовознавство в літературі', 1, '2017-05-10', 381, '4-101');
INSERT INTO  EXAM (course_name, group_year, date, professor_id, aud) VALUES ('Зоологія безхребетних', 2, '2017-05-10', 391, '4-102');
INSERT INTO  EXAM (course_name, group_year, date, professor_id, aud) VALUES ('Інтелектуальна власність', 3, '2017-05-10', 401, '4-103');
INSERT INTO  EXAM (course_name, group_year, date, professor_id, aud) VALUES ('Інформаційні технології', 4, '2017-05-10', 411, '4-104');
INSERT INTO  EXAM (course_name, group_year, date, professor_id, aud) VALUES ('Історична антропологія України', 5, '2017-05-10', 421, '4-105');
INSERT INTO  EXAM (course_name, group_year, date, professor_id, aud) VALUES ('Історія економічних вчень', 6, '2017-05-10', 431, '4-106');
INSERT INTO  EXAM (course_name, group_year, date, professor_id, aud) VALUES ('Історія кіно	', 1, '2017-05-10', 441, '4-107');
INSERT INTO  EXAM (course_name, group_year, date, professor_id, aud) VALUES ('Історія політико-правових вчень', 2, '2017-05-10', 451, '4-108');
INSERT INTO  EXAM (course_name, group_year, date, professor_id, aud) VALUES ('Історія природознавства', 3, '2017-05-11', 461, '4-109');
INSERT INTO  EXAM (course_name, group_year, date, professor_id, aud) VALUES ('Історія соціології
', 4, '2017-05-11', 471, '4-110');
INSERT INTO  EXAM (course_name, group_year, date, professor_id, aud) VALUES ('Історія України', 5, '2017-05-11', 481, '5-201');
INSERT INTO  EXAM (course_name, group_year, date, professor_id, aud) VALUES ('Історія української культури', 6, '2017-05-11', 491, '5-202');
INSERT INTO  EXAM (course_name, group_year, date, professor_id, aud) VALUES ('Історія Центрально-Східної Європи', 1, '2017-05-11', 501, '5-203');
INSERT INTO  EXAM (course_name, group_year, date, professor_id, aud) VALUES ('Йога', 2, '2017-05-11', 511, '5-204');
INSERT INTO  EXAM (course_name, group_year, date, professor_id, aud) VALUES ('Київська Русь та її сусіди', 3, '2017-05-11', 521, '5-205');
INSERT INTO  EXAM (course_name, group_year, date, professor_id, aud) VALUES ('Клінічна ензимологія і ензимодіагностика', 4, '2017-05-11', 531, '5-206');
INSERT INTO  EXAM (course_name, group_year, date, professor_id, aud) VALUES ('Клітинні технології в трансплантації', 5, '2017-05-11', 541, '5-207');
INSERT INTO  EXAM (course_name, group_year, date, professor_id, aud) VALUES ('Ключові проблеми стародавньої історії України', 6, '2017-05-12', 551, '5-208');
INSERT INTO  EXAM (course_name, group_year, date, professor_id, aud) VALUES ('Колоїдна хімія', 1, '2017-05-12', 561, '5-209');
INSERT INTO  EXAM (course_name, group_year, date, professor_id, aud) VALUES ('Комп`ютерні аналітичні програми', 2, '2017-05-12', 571, '5-210');
INSERT INTO  EXAM (course_name, group_year, date, professor_id, aud) VALUES ('Конституційне право України', 3, '2017-05-12', 581, '6-101');
INSERT INTO  EXAM (course_name, group_year, date, professor_id, aud) VALUES ('Країнознавство', 4, '2017-05-12', 591, '6-102');
INSERT INTO  EXAM (course_name, group_year, date, professor_id, aud) VALUES ('Криміналістика', 5, '2017-05-12', 601, '6-103');
INSERT INTO  EXAM (course_name, group_year, date, professor_id, aud) VALUES ('Критичне читання', 6, '2017-05-12', 611, '6-104');
INSERT INTO  EXAM (course_name, group_year, date, professor_id, aud) VALUES ('Культурологія', 1, '2017-05-12', 621, '6-105');
INSERT INTO  EXAM (course_name, group_year, date, professor_id, aud) VALUES ('Логіка', 2, '2017-05-12', 631, '6-106');
INSERT INTO  EXAM (course_name, group_year, date, professor_id, aud) VALUES ('Логіка соціологічного дослідження', 3, '2017-05-12', 641, '6-107');
INSERT INTO  EXAM (course_name, group_year, date, professor_id, aud) VALUES ('Локальні мережі', 4, '2017-05-12', 651, '6-108');
INSERT INTO  EXAM (course_name, group_year, date, professor_id, aud) VALUES ('Макроекономіка', 5, '2017-05-12', 661, '6-109');
INSERT INTO  EXAM (course_name, group_year, date, professor_id, aud) VALUES ('Маркетинг інновацій', 6, '2017-05-12', 671, '6-110');
INSERT INTO  EXAM (course_name, group_year, date, professor_id, aud) VALUES ('Менеджмент людських ресурсів', 1, '2017-05-12', 681, '8-101');
INSERT INTO  EXAM (course_name, group_year, date, professor_id, aud) VALUES ('Мерчендайзинг', 2, '2017-05-12', 691, '8-102');
INSERT INTO  EXAM (course_name, group_year, date, professor_id, aud) VALUES ('Методика викладання англійської мови', 3, '2017-05-12', 701, '8-103');
INSERT INTO  EXAM (course_name, group_year, date, professor_id, aud) VALUES ('Механіка', 4, '2017-05-15', 711, '8-104');
INSERT INTO  EXAM (course_name, group_year, date, professor_id, aud) VALUES ('Міжнародна економіка', 5, '2017-05-15', 721, '8-105');
INSERT INTO  EXAM (course_name, group_year, date, professor_id, aud) VALUES ('Міжнародний маркетинг', 6, '2017-05-15', 731, '8-106');
INSERT INTO  EXAM (course_name, group_year, date, professor_id, aud) VALUES ('Міжнародний менеджмент та маркетинг', 1, '2017-05-15', 741, '8-107');
INSERT INTO  EXAM (course_name, group_year, date, professor_id, aud) VALUES ('Мікробіологія', 2, '2017-05-15', 751, '8-108');
INSERT INTO  EXAM (course_name, group_year, date, professor_id, aud) VALUES ('Мовлення', 3, '2017-05-15', 761, '8-109');
INSERT INTO  EXAM (course_name, group_year, date, professor_id, aud) VALUES ('Мовна норма і стиль', 4, '2017-05-15', 771, '9-201');
INSERT INTO  EXAM (course_name, group_year, date, professor_id, aud) VALUES ('Молекулярна фізика', 5, '2017-05-15', 781, '9-202');
INSERT INTO  EXAM (course_name, group_year, date, professor_id, aud) VALUES ('Об`єктно-орієнтоване програмування', 6, '2017-05-15', 791, '9-203');
INSERT INTO  EXAM (course_name, group_year, date, professor_id, aud) VALUES ('Обробка зображень', 1, '2017-05-15', 801, '9-204');
INSERT INTO  EXAM (course_name, group_year, date, professor_id, aud) VALUES ('Органічна хімія', 2, '2017-05-15', 811, '9-205');
INSERT INTO  EXAM (course_name, group_year, date, professor_id, aud) VALUES ('Основи unix систем', 3, '2017-05-15', 821, '9-206');
INSERT INTO  EXAM (course_name, group_year, date, professor_id, aud) VALUES ('Основи інтернет бізнесу', 4, '2017-05-15', 831, '9-207');
INSERT INTO  EXAM (course_name, group_year, date, professor_id, aud) VALUES ('Основи інформаційного суспільства', 5, '2017-05-15', 841, '9-208');
INSERT INTO  EXAM (course_name, group_year, date, professor_id, aud) VALUES ('Основи літературної творчості', 6, '2017-05-15', 851, '9-209');
INSERT INTO  EXAM (course_name, group_year, date, professor_id, aud) VALUES ('Основи міжнародних відносин', 1, '2017-05-15', 861, '9-210');
INSERT INTO  EXAM (course_name, group_year, date, professor_id, aud) VALUES ('Основи мовознавства', 2, '2017-05-15', 871, '1-101');
INSERT INTO  EXAM (course_name, group_year, date, professor_id, aud) VALUES ('Основи належної лабораторної і виробничої практики (GLP і GMP)', 3, '2017-05-16', 881, '1-102');
INSERT INTO  EXAM (course_name, group_year, date, professor_id, aud) VALUES ('Основи наукової комунікації	', 4, '2017-05-16', 891, '1-103');
INSERT INTO  EXAM (course_name, group_year, date, professor_id, aud) VALUES ('Основи наукової комунікації	залік', 5, '2017-05-16', 901, '1-104');
INSERT INTO  EXAM (course_name, group_year, date, professor_id, aud) VALUES ('Основи операційних систем', 6, '2017-05-16', 911, '1-105');
INSERT INTO  EXAM (course_name, group_year, date, professor_id, aud) VALUES ('Основи політичної науки', 1, '2017-05-16', 921, '1-106');
INSERT INTO  EXAM (course_name, group_year, date, professor_id, aud) VALUES ('Основи права	', 1, '2017-05-16', 931, '1-107');
INSERT INTO  EXAM (course_name, group_year, date, professor_id, aud) VALUES ('Основи права', 2, '2017-05-16', 941, '1-108');
INSERT INTO  EXAM (course_name, group_year, date, professor_id, aud) VALUES ('Основи та методи наукових досліджень', 3, '2017-05-16', 951, '1-109');
INSERT INTO  EXAM (course_name, group_year, date, professor_id, aud) VALUES ('Охорона пам`яток історії та культури', 4, '2017-05-16', 961, '1-110');
INSERT INTO  EXAM (course_name, group_year, date, professor_id, aud) VALUES ('Охорона праці в галузі', 5, '2017-05-16', 971, '2-201');
INSERT INTO  EXAM (course_name, group_year, date, professor_id, aud) VALUES ('Педагогіка', 6, '2017-05-16', 981, '2-202');
INSERT INTO  EXAM (course_name, group_year, date, professor_id, aud) VALUES ('Податкове право', 1, '2017-05-16', 991, '2-203');
INSERT INTO  EXAM (course_name, group_year, date, professor_id, aud) VALUES ('Політологія', 2, '2017-05-16', 1001, '2-204');
INSERT INTO  EXAM (course_name, group_year, date, professor_id, aud) VALUES ('Порівняльне державотворення в історії', 3, '2017-05-16', 1011, '2-205');
INSERT INTO  EXAM (course_name, group_year, date, professor_id, aud) VALUES ('Походження українського народу', 4, '2017-05-16', 1021, '2-206');
INSERT INTO  EXAM (course_name, group_year, date, professor_id, aud) VALUES ('Право та суспільство (англійською мовою)', 5, '2017-05-17', 1031, '2-207');
INSERT INTO  EXAM (course_name, group_year, date, professor_id, aud) VALUES ('Правове забезпечення ЗМІ', 6, '2017-05-17', 1041, '2-208');
INSERT INTO  EXAM (course_name, group_year, date, professor_id, aud) VALUES ('Правове регулювання соціальних відносин', 1, '2017-05-17', 1051, '2-209');
INSERT INTO  EXAM (course_name, group_year, date, professor_id, aud) VALUES ('Практика дослідницька', 2, '2017-05-17', 1061, '2-210');
INSERT INTO  EXAM (course_name, group_year, date, professor_id, aud) VALUES ('Практика ознайомлювальна', 3, '2017-05-17', 1071, '3-301');
INSERT INTO  EXAM (course_name, group_year, date, professor_id, aud) VALUES ('Прийняття рішень за умов невизначеності', 4, '2017-05-17', 1081, '3-302');
INSERT INTO  EXAM (course_name, group_year, date, professor_id, aud) VALUES ('Прикладне програмування', 5, '2017-05-17', 1091, '3-303');
INSERT INTO  EXAM (course_name, group_year, date, professor_id, aud) VALUES ('Проблеми викладання національної історії в умовах глобалізації', 6, '2017-05-17', 1101, '3-304');
INSERT INTO  EXAM (course_name, group_year, date, professor_id, aud) VALUES ('Проблеми теорії та методології історичного дослідження', 1, '2017-05-17', 1111, '3-305');
INSERT INTO  EXAM (course_name, group_year, date, professor_id, aud) VALUES ('Програмування на основі .NET', 2, '2017-05-17', 1121, '3-306');
INSERT INTO  EXAM (course_name, group_year, date, professor_id, aud) VALUES ('Психологічна наука', 3, '2017-05-17', 1131, '3-307');
INSERT INTO  EXAM (course_name, group_year, date, professor_id, aud) VALUES ('Психологія', 4, '2017-05-17', 1141, '3-308');
INSERT INTO  EXAM (course_name, group_year, date, professor_id, aud) VALUES ('Психологія дитини	', 5, '2017-05-17', 1151, '3-309');
INSERT INTO  EXAM (course_name, group_year, date, professor_id, aud) VALUES ('Психологія людини', 6, '2017-05-17', 1161, '3-310');
INSERT INTO  EXAM (course_name, group_year, date, professor_id, aud) VALUES ('Психологія ситуативних питань', 1, '2017-05-17', 1171, '4-101');
INSERT INTO  EXAM (course_name, group_year, date, professor_id, aud) VALUES ('Психологія соціальної поведінки', 2, '2017-05-17', 1181, '4-102');
INSERT INTO  EXAM (course_name, group_year, date, professor_id, aud) VALUES ('Психологія спілкування	залік', 3, '2017-05-18', 1191, '4-103');
INSERT INTO  EXAM (course_name, group_year, date, professor_id, aud) VALUES ('Психологія та педагогіка', 4, '2017-05-18', 1201, '4-104');
INSERT INTO  EXAM (course_name, group_year, date, professor_id, aud) VALUES ('Рекламний менеджмент', 5, '2017-05-18', 1211, '4-105');
INSERT INTO  EXAM (course_name, group_year, date, professor_id, aud) VALUES ('Релігієзнавство', 6, '2017-05-18', 1221, '4-106');
INSERT INTO  EXAM (course_name, group_year, date, professor_id, aud) VALUES ('Системи прийняття рішень', 1, '2017-05-18', 1231, '4-107');
INSERT INTO  EXAM (course_name, group_year, date, professor_id, aud) VALUES ('Системи та методи штучного інтелекту', 1, '2017-05-18', 1241, '4-108');
INSERT INTO  EXAM (course_name, group_year, date, professor_id, aud) VALUES ('Сімейне право', 2, '2017-05-18', 1251, '4-109');
INSERT INTO  EXAM (course_name, group_year, date, professor_id, aud) VALUES ('Соціальна антропологія', 3, '2017-05-18', 1261, '4-110');
INSERT INTO  EXAM (course_name, group_year, date, professor_id, aud) VALUES ('Соціальна політика', 4, '2017-05-18', 1271, '5-201');
INSERT INTO  EXAM (course_name, group_year, date, professor_id, aud) VALUES ('Соціолінгвістика', 5, '2017-05-18', 1281, '5-202');
INSERT INTO  EXAM (course_name, group_year, date, professor_id, aud) VALUES ('Старослов''янське мовознавство', 6, '2017-05-18', 1291, '5-203');
INSERT INTO  EXAM (course_name, group_year, date, professor_id, aud) VALUES ('Суспільно-політичні рухи', 1, '2017-05-18', 1301, '5-204');
INSERT INTO  EXAM (course_name, group_year, date, professor_id, aud) VALUES ('Теорії соціальної роботи', 2, '2017-05-19', 1311, '5-205');
INSERT INTO  EXAM (course_name, group_year, date, professor_id, aud) VALUES ('Теорія еволюції', 3, '2017-05-19', 1321, '5-206');
INSERT INTO  EXAM (course_name, group_year, date, professor_id, aud) VALUES ('Теорія ймовірності і математична статистика', 4, '2017-05-19', 1331, '5-207');
INSERT INTO  EXAM (course_name, group_year, date, professor_id, aud) VALUES ('Теорія літератури', 5, '2017-05-19', 1341, '5-208');
INSERT INTO  EXAM (course_name, group_year, date, professor_id, aud) VALUES ('Теорія функцій комплексної змінної', 6, '2017-05-19', 1351, '5-209');
INSERT INTO  EXAM (course_name, group_year, date, professor_id, aud) VALUES ('Технологія підготовки наукової роботи', 1, '2017-05-19', 1361, '5-210');
INSERT INTO  EXAM (course_name, group_year, date, professor_id, aud) VALUES ('Трудове право', 2, '2017-05-19', 1371, '6-101');
INSERT INTO  EXAM (course_name, group_year, date, professor_id, aud) VALUES ('Українська діалектологія', 3, '2017-05-19', 1381, '6-102');
INSERT INTO  EXAM (course_name, group_year, date, professor_id, aud) VALUES ('Українська література', 4, '2017-05-19', 1391, '6-103');
INSERT INTO  EXAM (course_name, group_year, date, professor_id, aud) VALUES ('Українська мова', 5, '2017-05-19', 1401, '6-104');
INSERT INTO  EXAM (course_name, group_year, date, professor_id, aud) VALUES ('Управління якістю на підприємстві', 6, '2017-05-19', 1411, '6-105');
INSERT INTO  EXAM (course_name, group_year, date, professor_id, aud) VALUES ('Фізичне виховання', 1, '2017-05-22', 1421, '6-106');
INSERT INTO  EXAM (course_name, group_year, date, professor_id, aud) VALUES ('Філософія господарства', 2, '2017-05-22', 1431, '6-107');
INSERT INTO  EXAM (course_name, group_year, date, professor_id, aud) VALUES ('Фінанси', 3, '2017-05-22', 1441, '6-108');
INSERT INTO  EXAM (course_name, group_year, date, professor_id, aud) VALUES ('Футбол', 4, '2017-05-22', 1451, '6-109');
INSERT INTO  EXAM (course_name, group_year, date, professor_id, aud) VALUES ('Юридичний практикум', 5, '2017-05-22', 1461, '6-110');
